n,chapter,chapter_title,part,quote,attribution,what_it_means,how_to_use_it
1,1,Starting Before You Feel Ready,One,"Our doubts are traitors, and make us lose the good we oft might win, by fearing to attempt.",William Shakespeare,"Doubt arrives dressed as caution, apparently on your side, protecting you from embarrassment. It isn't. It costs you things you would have won, and it never sends an invoice, so you never learn the size of the bill.","Name one thing you talked yourself out of last year. The job, the message, the flat. You will never know how it would have gone. That not knowing is the price, and doubt charged it. Put it on doubt's account rather than down to bad luck, and the next decision gets easier."
2,1,Starting Before You Feel Ready,One,"A ship in harbour is safe, but that is not what ships are built for.",John A. Shedd,"Safety is worth having. It is not the only thing worth having, and a life organised entirely around avoiding loss stops producing anything you would want to keep.","Find where you have been moored so long you have started calling it home. The savings you keep adding to and never spend, the job you are not unhappy in, the flat you meant to leave in 2019 and have now repainted twice: none of it has to be abandoned this week, and all of it is worth one honest question, which is what you are preserving it for, and whether the answer is a plan or a habit."
3,1,Starting Before You Feel Ready,One,The beginning is the most important part of the work.,Plato,"Not the hardest part, and not the most impressive. The conditional one. An unstarted project has no problems, no progress and no existence, and starting is the act that turns an idea into something you can work on.","Shrink your definition of ""started"" until it is almost insulting. Open the file and type the title. Book the appointment for a fortnight away. You are not making progress today. You are moving the thing from imaginary to real, which is a different job."
4,1,Starting Before You Feel Ready,One,Do the thing you fear and the death of fear is certain.,Ralph Waldo Emerson,"Fear does not argue back. You cannot reason your way out of dreading a phone call, because the dread was never assembled out of reasons. It answers to evidence, and the only evidence it accepts is having done the thing.","Take the smallest version of what you are avoiding and do that one this week. Frightened of speaking in public? Ask a question at a meeting. Your nervous system keeps score of outcomes, not intentions, and one uneventful attempt outweighs a month of preparation."
5,1,Starting Before You Feel Ready,One,Fortune favours the bold.,"Latin proverb, from Virgil","Not a promise that boldness gets paid. An observation about who happens to be standing where the luck comes down. Good fortune requires your attendance, and hesitation is mostly a way of not being in the room.","Next time you are working out whether to put your name forward, stop weighing whether you deserve it. Ask whether saying yes puts you nearer the places where things happen. Being in the room is not winning. It is the only reliable condition for it."
6,1,Starting Before You Feel Ready,One,Courage is the first of human qualities because it guarantees all the others.,Aristotle,Every other virtue needs nerve before it can appear in the world. Honesty is worth nothing if you are too frightened to say the true thing. Kindness that evaporates the moment it costs you was never kindness. It was comfort.,"When your values fail to show up in a moment that mattered, don't conclude you lack the value. Ask whether you lacked the nerve to spend it. That is a far more fixable problem, and it is generally the real one."
7,1,Starting Before You Feel Ready,One,"Nothing in life is to be feared, it is only to be understood.",Marie Curie,"Fear lives on vagueness. It attaches to the outline of a thing rather than its contents, which is why the dreaded task shrinks the instant you look straight at it and find out what is actually involved.",Write down what happens next. Not how you feel about it. The sequence. Ring the surgery. Wait on hold. Ask for the appointment. Fear rarely survives contact with a numbered list.
8,1,Starting Before You Feel Ready,One,The best time to plant a tree was twenty years ago. The second best time is now.,proverb,Regret about a late start is a way of spending the present to punish yourself for the past. The years you did not use are gone whether you brood over them or not. What remains open is the question of the ones you still have.,You are forty and you want to play the piano. The objection that you would be good by now if you had started at twenty is both true and useless. You will be forty-five either way. The only variable is whether you can play by then.
9,1,Starting Before You Feel Ready,One,"Whatever you can do, or dream you can, begin it.",attributed to Goethe,"The line is usually quoted for the mystical part that follows, about providence moving. Ignore that. The practical observation underneath is that the act of beginning produces information you could not have got any other way, puts you in front of people who were previously abstractions, and generates a momentum that simply does not exist while a thing is still being considered.","Stop planning your way to certainty about something you have never done. Build a cheap, small, real version and watch what happens. One afternoon of attempting it teaches more than a fortnight of reading about it, and costs less."
10,1,Starting Before You Feel Ready,One,He that is over-cautious will accomplish little.,Friedrich Schiller,Caution feels free because its bills are invisible. Nothing goes wrong. Nothing goes anywhere either. Repeat the safest available choice for long enough and it becomes its own quiet disaster.,"Once a year, look back at the decisions where you took the careful option and ask what it bought. Sometimes real protection. Sometimes a decade of not much. Only the second sort needs changing, and it is visible only if you look on purpose."
11,1,Starting Before You Feel Ready,One,The journey of a thousand miles begins with a single step.,Lao Tzu,"Worn smooth by repetition, and the point survives. Distance is never experienced as distance. It is experienced as one step, then another. The thousand miles exists only in your head, which is where the frightening is being done.","When a goal is big enough to freeze you, refuse to look at it. Decide what happens in the next hour, do that, then decide again. This is not a trick to make the task smaller. It is a way of not carrying all of it at once."
12,1,Starting Before You Feel Ready,One,"It is hard to fail, but it is worse never to have tried to succeed.",Theodore Roosevelt,"Both options hurt, so choose the one that hurts usefully. Failure is sharp, specific and over. Not trying is dull and vague and permanent, it never resolves into a story you can tell, and it stays on the shelf indefinitely, available for revisiting at three in the morning for the next forty years.","Do not compare trying against an imaginary version of not trying in which you feel nothing. Compare it against how you will feel in five years, having not tried. That is the honest comparison. It usually settles the matter in one go."
13,1,Starting Before You Feel Ready,One,Start where you are. Use what you have. Do what you can.,Arthur Ashe,"Waiting for better conditions is the respectable way of not beginning. The proper equipment, the free weekend, the calm patch at work. All real, and all the reason nothing has happened yet.","Whatever you are postponing until conditions improve, do a shabby version this week with what is already in the house. Bad equipment used beats good equipment planned for. Upgrade once you know you will continue."
14,1,Starting Before You Feel Ready,One,Freedom is not worth having if it does not include the freedom to make mistakes.,Mahatma Gandhi,Allow yourself only the choices you are certain will go well and you have quietly reduced your options to things you have already done. Getting it wrong is not a fault in the system. It is the price of being allowed to choose at all.,"Decide in advance what a tolerable mistake looks like. Two hundred pounds and an awkward conversation, say. Naming the acceptable loss turns a frightening open risk into a bounded one, and bounded risks are much easier to take."
15,1,Starting Before You Feel Ready,One,Look before you leap.,English proverb,"Everything above argues for moving, and it needs a limit. Some hesitation is not fear. It is your judgement noticing something your enthusiasm has not caught up with, and it deserves a hearing before you overrule it.","Ask one question. If this goes badly, do I recover? Yes, and it is nerves; proceed. No, because you would lose the house or the visa or the marriage, and it is not nerves at all. That is the part of you paying attention."
16,2,When Things Go Wrong,One,What stands in the way becomes the way.,Marcus Aurelius,"The obstacle is not blocking the path to the thing you wanted. It is now the path, in the sense that getting through it is the only route onward. Time spent objecting to its presence is time spent not walking.","Catch yourself protesting that a problem exists: the traffic, the illness, the client who has changed the brief for the third time. Notice that protesting is a separate activity from solving. You can do both. You cannot do the first instead of the second and call it coping."
17,2,When Things Go Wrong,One,"There is nothing either good or bad, but thinking makes it so.",William Shakespeare,"Not a claim that suffering is imaginary. A claim about proportion: how much of your distress comes from the verdict you have attached to an event rather than from the event, and the answer is more than you would like.","Write what happened in the plainest available words, as though filling in a form. ""My contract was not renewed."" Then look at everything you were carrying that is not in that sentence. Humiliation. The sense of being found out. The future you had assumed. All of it came from you, which means all of it is negotiable."
18,2,When Things Go Wrong,One,A gem cannot be polished without friction.,Seneca,"Some capacities can only be built by being used, and using them is unpleasant by definition. Nobody learns to hold their nerve in comfortable conditions, because comfortable conditions never ask.","Mid-way through a hard stretch, ask what it is teaching you to do that you could not do in January. Sit with uncertainty. Have the conversation. Not every difficulty builds something. When it does, you can name the exact capacity, and naming it makes the stretch easier to stand in."
19,2,When Things Go Wrong,One,This too shall pass.,Persian adage,"Written to cut both ways. It consoles you in the bad times and unsettles you in the good ones, which is the point of it: the subject is impermanence, not reassurance. Nothing you are feeling now is the permanent condition.","At the worst of it, your mind will insist this is how life is from here. Test that against your own record. Think of the thing that flattened you five years ago and notice how rarely it crosses your mind now. Present pain always feels permanent. It never is."
20,2,When Things Go Wrong,One,"Although the world is full of suffering, it is also full of the overcoming of it.",Helen Keller,"Both halves are true at once, and misery hides the second one. When things are bad the mind stops registering the evidence that people survive, recover, rebuild, and go on to have ordinary Tuesdays afterwards.","Find one person who has come through the specific thing you are in. Not a celebrity, not a memoir. Someone you can talk to, or a forum full of people two years further down the road. You need proof that the far side is inhabited, and it has to be specific before you will believe it."
21,2,When Things Go Wrong,One,"The mind is its own place, and in itself can make a heaven of hell, a hell of heaven.",John Milton,"Milton gives the line to Satan, who is lying to himself, and that is worth knowing before you take it as a promise. It is not a claim that attitude fixes things. It is a description of how far your interior weather determines your experience of identical circumstances.","Notice how different the same problem looks at three in the morning and at eleven the next day. Nothing changed in eight hours except your capacity. So make no decisions and reach no conclusions in the bad hours, and treat whatever your mind says then as weather rather than information."
22,2,When Things Go Wrong,One,"Fall seven times, stand up eight.",Japanese proverb,"The count is off by one, and that is the joke. You get up once more than you fell, forever, because standing up is not a heroic act. It is just the next thing that happens.","Take the drama out of your recoveries. You do not need a new philosophy or a fresh start on Monday morning. You need the ordinary next thing, which is smaller than you think: send the email, eat a proper meal, go outside for twenty minutes. Recovery is not a decision. It accumulates."
23,2,When Things Go Wrong,One,Adversity is the first path to truth.,Lord Byron,"Difficulty strips out the polite fictions. You find out inside a month which friendships were real, which parts of the job you valued, and how much of your sense of yourself was resting on things that could be removed in an afternoon by someone in HR.","Keep a note of what surprises you. Who turned up. What you stopped missing after a fortnight. These observations are available only now, and you will lose access to them the moment life is comfortable again. They are the one useful thing the situation is handing over."
24,2,When Things Go Wrong,One,Nothing is so bitter that a calm mind cannot find comfort in it.,Seneca,"Calm is not the same as being fine, and it is not optimism. It is the state in which your mind still works: still weighs options, still notices the exit, still sees what is in front of it instead of a fog of alarm.","Before any decision made under stress, do whatever lowers your pulse. A walk, a night's sleep, twenty minutes outdoors. Not to feel better. To think better, because your judgement is worse while you are panicking and the decision deserves the other version of you."
25,2,When Things Go Wrong,One,Misfortunes one can endure; they come from outside.,Oscar Wilde,"Wilde is separating what happened to you from what you did, and he thought the second sort was far harder to live with. Bad luck is survivable. Your own conduct is the part that lodges and stays lodged.","Separate the two columns on paper. What was done to you, and what you did. Most bad situations are a mixture, and the mind blurs them so it can take either all the blame or none. Be precise about your column. It is nearly always smaller than the guilt suggests."
26,2,When Things Go Wrong,One,Everything can be taken from a man but one thing: to choose one's attitude in any given set of circumstances.,Viktor Frankl,"Frankl earned the right to say this in conditions worse than most of us will ever meet, and his claim is a small one, which is what makes it hold: when every external option has gone, the response is still yours to choose.","In the situations you cannot change, the waiting list, the bereavement, the verdict already handed down, stop hunting for the action and look for the stance. How do you want to have gone through this, looking back from ten years out? That question has an answer even when nothing else does."
27,2,When Things Go Wrong,One,A smooth sea never made a skilled sailor.,English proverb,"Competence is built from trouble handled, not conditions avoided. The person everyone trusts in a crisis is always someone who has been in one, and there is no other way of acquiring it.","While you are managing something awful, note, privately, that you are acquiring the thing people will value you for later. It is not compensation. But the friend everybody rings when their life falls over is someone whose own life fell over once, and that is what is happening to you now."
28,2,When Things Go Wrong,One,"Weeping may endure for a night, but joy cometh in the morning.",Psalm 30:5,"The consolation here is structural rather than sentimental. Distress is being given a shape and an end, a night rather than a climate, and grief experienced as a night is a different substance from grief experienced as a life sentence.","At the worst of it, resist the urge to forecast. You are not predicting. You are tired. Give the thing one night. The identical problem at breakfast often turns out to be a job to be done rather than a hole you are in."
29,2,When Things Go Wrong,One,"Loss is nothing else but change, and change is nature's delight.",Marcus Aurelius,"Loss feels like a breach of the natural order, as though things were meant to stay and something has gone wrong. Aurelius turns it over: staying was never the arrangement, everything you have is on loan, and these were always the terms.","Too cold for fresh grief. Useful later. Months on, when you are still angry that something ended, try holding the thought that it was never yours to keep. It does not remove the loss. It removes the sense of having been cheated, which is the sharper half."
30,2,When Things Go Wrong,One,"To every thing there is a season: a time to weep, and a time to laugh; a time to mourn, and a time to dance.",Ecclesiastes 3:4,"There is a season for grief and it is not a failure of resilience to be standing in it. The expectation that you will have processed something by a reasonable date is modern, invented, and enforced by people who are not grieving.","Here is the way out of the rest of this chapter. If you have read all of the above and none of it helps yet, that is not evidence you are doing it wrong. Some things have to be lived through before they can be thought about. Put the philosophy down. Come back to it in the spring."
31,3,Anger and What To Do With It,One,"Anger, if not restrained, is frequently more hurtful to us than the injury that provokes it.",Seneca,"The original offence is finite. A rude email, a broken promise. What you do next can cost far more, and people lose jobs and marriages over their response to things that were, in themselves, survivable.","Before replying to something infuriating, ask which will cost more in a year: the thing done to you, or the thing you are about to do about it. If it is the second, you have located the actual problem. It is also the only one still under your control."
32,3,Anger and What To Do With It,One,The best answer to anger is silence.,German proverb,"Silence is not surrender, and it is not the silent treatment, which is an attack wearing a disguise. It is the refusal to supply fuel. An argument needs two people, and anger left without a partner tends to burn out inside a couple of minutes.","When someone is shouting, say nothing rather than something reasonable. Reasonable statements are also fuel; they give the other person things to take apart. Wait. Few people can sustain fury unaccompanied, and what comes after the silence is the conversation you wanted in the first place."
33,3,Anger and What To Do With It,One,Holding onto anger is like drinking poison and expecting the other person to die.,traditional,"Sustained resentment is a full-time occupation and the person you are angry with does not participate in it. They are having their dinner. You are the only one doing the work, and you are doing it to yourself.","Count the hours you have spent this month rehearsing an argument in the car, in the shower, at two in the morning, with somebody who has no idea the argument is taking place and would be baffled to hear about it. Then ask what those hours produced. This is not about forgiving them, which may well be inappropriate. It is about noticing who is paying, and it is you."
34,3,Anger and What To Do With It,One,"When angry, count to ten before you speak. If very angry, a hundred.",Thomas Jefferson,"Unglamorous advice. It works for a mechanical reason. The physical surge that makes you want to lash out has a short half-life. Wait it out and you are a different person, with access to judgement that was not available a moment ago.",Build the delay into the tools where you do the damage. Say out loud that you will answer tomorrow. Write the furious message in a blank note instead of the reply box. You are not trying to become a calmer person. You are putting something between the surge and the send button.
35,3,Anger and What To Do With It,One,Everything that irritates us about others can lead us to an understanding of ourselves.,Carl Jung,"Not every irritation is a mirror. But the ones out of all proportion, the flare of rage at a colleague's small vanity, often are, because we react hardest to the traits we are suppressing in ourselves or were punished for as children.","If someone's behaviour angers you far beyond what it warrants, ask why that fault and not another. A friend's showing off enrages you while their unreliability does not? The gap is about you, not them. The answer tends to be useful and uncomfortable, in that order."
36,3,Anger and What To Do With It,One,He who angers you conquers you.,attributed to Elizabeth Kenny,"Whoever can provoke you at will is, in practical terms, operating you. They pick the moment, you supply the reaction, and it works every time. That is control, whether or not they are doing it on purpose.","Identify the person who can get a rise out of you with a single sentence. A sibling, an ex, one particular colleague. Seeing the mechanism as a mechanism weakens it. Next time, watch the button being pressed while it happens, and the reaction becomes something you choose rather than something you produce."
37,3,Anger and What To Do With It,One,"It is not he who reviles or strikes you who insults you, but your opinion that these things are insulting.",Epictetus,"The sting of an insult is manufactured on receipt. Someone can say something appalling about you and it only lands if part of you suspects it might be true, or fears that other people will believe it.","After an insult gets under your skin, ask what would have to be true for it to be devastating. A stranger calls you a bad driver and you shrug. A stranger calls you a bad parent and you do not. The difference marks exactly where you are already unsure, and that is worth knowing about."
38,3,Anger and What To Do With It,One,A soft answer turneth away wrath: but grievous words stir up anger.,Proverbs 15:1,"The temperature of a conversation is contagious and it gets set at the beginning. Meet heat with heat and you have an argument. Meet it a register lower and the other person has to escalate on purpose, which most people will not do.","When someone opens with an accusation, answer below the pitch they set. Not sarcastically calm, which is worse than shouting. Just quieter. On the phone to a company that has overcharged you this is also more effective: calm people get better outcomes than furious ones, every time, from staff who deal with furious ones all day."
39,3,Anger and What To Do With It,One,"Anybody can become angry, that is easy; but to be angry with the right person, to the right degree, at the right time, for the right purpose, and in the right way, that is not easy.",Aristotle,"Aristotle is not telling you to eliminate anger. He thinks failing to be angry at real injustice is its own defect. What he is describing is precision: right target, right size, right moment.","Check the four things. Is this the person responsible, or the person in front of me? Is my reaction the size of the offence? Is now the moment? What am I trying to achieve? Most bad expressions of anger fail at least two, and it is the first."
40,3,Anger and What To Do With It,One,Whoever fights monsters should see to it that in the process he does not become a monster.,Friedrich Nietzsche,"Long opposition shapes you. Fight something for years, however justified, and you begin borrowing its methods, its tone, its contempt, until the cause is still good and you have quietly stopped being someone you would have admired at the start.","In any long-running conflict, the neighbour dispute, the workplace feud, the family rift, read your own messages once a month as though a stranger had written them. If they would sound cruel from the other side, they are cruel from yours. Being in the right does not launder the behaviour."
41,3,Anger and What To Do With It,One,Speak when you are angry and you will make the best speech you will ever regret.,Ambrose Bierce,"Anger makes you fluent. The words arrive fast, in good order, landing where they are aimed, because rage has been quietly cataloguing the soft spots of everybody you have ever lived with and can produce the file on demand. Which is why the speech is unforgivable.","Distrust your own eloquence in a row. If a devastating line arrives fully formed, that is not insight. It is ammunition you have been assembling for months. True does not mean sayable. Nobody has ever unheard the accurate cruel thing."
42,3,Anger and What To Do With It,One,"Anger is never without a reason, but seldom with a good one.",Benjamin Franklin,"There is always a justification available and it is sincere. The question is not whether you have grounds. It is whether the grounds are proportionate, or whether you have built a case to support a feeling that arrived first and briefed the lawyers afterwards.","Having explained to yourself exactly why you are entitled to be angry, notice that the explanation came second. Ask whether you would accept the same reasoning from someone else, about you. It sounds much weaker in that direction, and the weakness is the information."
43,3,Anger and What To Do With It,One,The greatest remedy for anger is delay.,Seneca,Not a resolution. Not a technique. Not a conversation. Time.,"Make one rule and keep it: nothing consequential within an hour. No sent messages, no resignations, no announcements at the kitchen table. You can still do all of it tomorrow. The only thing the rule removes is the version you would have produced at maximum heat, and that version was never the good one."
44,3,Anger and What To Do With It,One,To be wroth with one we love doth work like madness in the brain.,Samuel Taylor Coleridge,"Anger at people close to you is a different substance from anger at strangers. It comes tangled with love, disappointment and history, which is why it disorients you, and why the smallest domestic row can feel enormous while it is happening.","In a row with someone you love, say the sentence out loud: ""I'm angry and I don't want this to turn into something bigger."" It sounds stilted written down. It also interrupts the momentum, and it reminds you both that you are on the same side of something, which is the fact anger hides first."
45,3,Anger and What To Do With It,One,Always forgive your enemies; nothing annoys them so much.,Oscar Wilde,"Wilde is joking, and the joke contains the exit. Letting go is offered here not as a moral achievement but as the cheapest option available. You do not have to be big about it. You can be petty about it and still put it down.","If forgiveness feels like a gift you are unwilling to give, do not give it. Drop the matter for your own convenience instead, because carrying it is dull and it is eating your evenings. You may stop being angry without the other person having earned it, and without telling them you have."
46,4,Worry and the Things You Can't Control,One,We suffer more often in imagination than in reality.,Seneca,"The mind stages catastrophes in full detail and charges the body real distress for every performance. The event, if it ever happens, happens once. You will have sat through it forty times.","Keep a note on your phone of what you are dreading, with the date beside it. Read it back in three months. This is not for reassurance; it is for the record, and the record shows that most of what you rehearsed never arrived at all, while the parts that did arrive were handled by you, on an ordinary weekday, without any of the collapse you had budgeted for. Your own history is the only evidence your mind will accept."
47,4,Worry and the Things You Can't Control,One,"You have power over your mind, not outside events. Realise this, and you will find strength.",Marcus Aurelius,"The oldest sorting mechanism there is, and still the most useful. Some things answer to your effort. Some do not. Almost all wasted anguish is effort spent on the second kind.","Two columns. In the first, what you can do this week. In the second, what is being decided by other people, the weather, or an algorithm. Do the first column today. The second column does not get less frightening, and it stops pretending to be a task you are failing at."
48,4,Worry and the Things You Can't Control,One,"He who fears he shall suffer, already suffers because he fears.",Michel de Montaigne,"Anticipation is not a preview of the pain. It is an instalment of it. There is no discount later for having suffered early. You pay twice, once in advance and once on the day, if the day comes at all.","Catch yourself bracing for news that is a week away, and notice that you are spending the week. The result will be identical whether you dread it or not. That does not switch the feeling off. Said plainly, it sometimes loosens the grip enough to let you sleep."
49,4,Worry and the Things You Can't Control,One,"There is only one way to happiness, and that is to cease worrying about things which are beyond the power of our will.",Epictetus,"Epictetus is making a claim about where distress comes from. Not events, but the gap between what we demand of the world and what we can actually move. Close the gap and most of the misery goes with it.","Practise on something small, where you can feel the mechanism working. Traffic. A cancelled train. Somebody's opinion of your work. Letting go of little things you cannot move builds the muscle, and the muscle is there when the object is a hospital appointment."
50,4,Worry and the Things You Can't Control,One,Take therefore no thought for the morrow: for the morrow shall take thought for the things of itself. Sufficient unto the day is the evil thereof.,Matthew 6:34,"Not a recommendation to be reckless about the future. A limit on how much of it you carry at once. Today has its own difficulties, and they are enough. Tomorrow's will still be there tomorrow, and you will have a fresh day's strength to meet them.","When your mind starts stacking next month's problems on top of today's, say it out loud: not today's business. Then do the next thing on today's list. This is the practical version of one day at a time, and it works because of how little it asks."
51,4,Worry and the Things You Can't Control,One,How much pain have cost us the evils which have never happened.,Thomas Jefferson,Imagined disasters carry a real price and no corresponding benefit. Nobody thanks you afterwards for the year you spent worrying about a redundancy that never came. The cost was entirely yours and it bought nothing.,Give it a unit so you can see it. How many hours this month went on a scenario that has not occurred? Ten? Forty? Set those hours beside anything else you would like more time for. The comparison is uncomfortable and it is the most persuasive argument available.
52,4,Worry and the Things You Can't Control,One,The mind that is anxious about the future is miserable.,Seneca,"Not ""will become miserable"". Is. Already. Anxiety about what is coming is not something you endure on the way to a resolution. It is the misery itself, happening now, using up a real day of your life.","If you are waiting for something to be settled before you can feel all right, check how long you have been waiting. Months? Then the resolution is not coming in the shape you want, and the job is to find a way of living decently inside the uncertainty, because the uncertainty is where you live."
53,4,Worry and the Things You Can't Control,One,Worry often gives a small thing a big shadow.,Swedish proverb,"Worry distorts scale rather than inventing dangers. The awkward thing you said, the unanswered email, the noise the car has started making. All real. All small. All rendered at a size with no relation to their importance.","Say it out loud to somebody in one sentence. You already know what they will say: it sounds fine. The gap between how it feels inside your head and how it sounds spoken aloud in a kitchen is the shadow, and saying it is generally enough to collapse it."
54,4,Worry and the Things You Can't Control,One,"Some of your hurts you have cured, and the sharpest you still have survived.",Ralph Waldo Emerson,"You have a track record and you never consult it. Every hard thing in your past was, at the time, an unbearable unknown. You are here, reading this, which puts the survival rate so far at one hundred per cent.","In the middle of the current crisis, deliberately recall the last one. What you were certain you could not handle two years ago, and how it went. You are not looking for a lesson. You are looking for evidence of competence. Worry insists you are facing this without resources; your history says otherwise."
55,4,Worry and the Things You Can't Control,One,"Rule your mind, or it will rule you.",Horace,"Left to itself the mind picks its own subjects, and its preferences are not aligned with your interests. It will choose the humiliating memory and the unanswerable question over anything pleasant, and it will do that all night if you let it.","Treat attention as something you point rather than something that happens to you. When the loop starts, give the mind a job instead of an argument: name five things in the room, do a crossword, read something difficult enough that following it takes the whole of you, because a mind fully occupied with a task cannot simultaneously run the other thing. You cannot argue a loop into stopping. You can occupy the machinery it runs on."
56,4,Worry and the Things You Can't Control,One,Anxiety is the dizziness of freedom.,Søren Kierkegaard,"A great deal of anxiety is not fear of a bad outcome but vertigo at the number of possible ones. Standing at the edge of a genuinely open choice, the move, the career change, whether to have children, produces something close to nausea. That is the freedom, not a warning.","Facing an open decision and feeling sick about it, ask whether you are frightened of a specific consequence or of the openness. If you cannot name a consequence, you are dizzy rather than in danger. Narrowing the options, even arbitrarily, restores your balance."
57,4,Worry and the Things You Can't Control,One,Nothing is miserable unless you think it so.,Boethius,"Boethius wrote this in a cell, awaiting an execution that duly arrived, which is worth knowing before dismissing it as the sort of thing said by people to whom nothing has happened. His claim is that our assessment of a situation, more than the situation, sets how much it hurts.","Describe the thing without adjectives. ""I have a meeting on Thursday about my performance."" Now notice what you had added: humiliation, threat, the beginning of the end. The bare version is manageable. Nearly everything unmanageable was in the adjectives."
58,4,Worry and the Things You Can't Control,One,Worry is interest paid on trouble before it falls due.,William Ralph Inge,"You are servicing a debt that may never be called in, at a rate you did not agree to. And unlike real interest, none of it reduces what you will owe if the trouble does arrive. It is a pure loss.","When the payments start, ask whether the trouble is due or merely possible. If it is possible, you are paying early on a debt that might not exist. Naming it as a transaction rather than a duty makes it easier to decline, at least for tonight."
59,4,Worry and the Things You Can't Control,One,To conquer fear is the beginning of wisdom.,Bertrand Russell,"Russell thought most bad thinking, superstition and cruelty grow out of fear, and that seeing clearly requires having settled with your own frightened mind first. You cannot look at a situation accurately while braced against it.","Before a decision you are anxious about, check whether you are choosing the best option or the least frightening one. They are frequently different. If every option you are seriously considering avoids the same fear, you have not been choosing at all."
60,4,Worry and the Things You Can't Control,One,A trouble shared is a trouble halved.,English proverb,"Worry lives on privacy. Kept inside your head it grows unchecked, immune to correction, and develops a persuasiveness that would not survive one honest conversation with somebody who knows you.","Everything above has a limit, and this is it. If none of it has worked and the loop keeps running, stop managing it alone. Tell someone tonight, properly. And if it has been months, ring the GP. Persistent worry is not a philosophical problem, and there is no prize for handling it privately."
61,5,Wanting Less,One,"Wealth consists not in having great possessions, but in having few wants.",Epictetus,"Two roads to the same destination. Raise what you have, or lower what you require. The second is faster and cheaper, and it cannot be taken away from you by a recession or an employer.","Next time money feels tight, before doing the sums on earning more, list what you currently pay for that you would not miss in a month. Not out of thrift. Just to see the number. The gap tends to close faster from that side."
62,5,Wanting Less,One,A man is rich in proportion to the number of things he can afford to let alone.,Henry David Thoreau,"Everything you own has a running cost in attention as well as money. It has to be maintained, insured, stored, updated and thought about. Wealth includes the things you successfully declined.","Price the upkeep, not the purchase. The boat is the mooring, the insurance and every weekend from April. The second home is a second set of everything that can break. Sometimes it is still worth it. Decide using the real figure rather than the one on the label."
63,5,Wanting Less,One,"It is not the man who has too little, but the man who craves more, that is poor.",Seneca,Poverty here is a relationship rather than an amount. Somebody comfortable and consumed with wanting more experiences their life as scarcity. Somebody with less and no craving does not. The bank balance is not the thing being measured.,"Ask what figure would be enough. Be specific. Most people cannot answer, and that is the finding. If every number you name is followed by ""and then I'd want"", the target is not a number, and no amount of earning will ever arrive at it."
64,5,Wanting Less,One,Contentment is natural wealth; luxury is artificial poverty.,attributed to Socrates,"Luxury manufactures the need it then meets. Fly business class once and economy becomes an ordeal it never used to be. Every upgrade quietly moves the floor, and the new floor is where you now feel deprived.","Be careful with treats that could turn into standards. The occasional taxi is a pleasure; taxis by default make the bus feel like hardship. Keep some ordinary things ordinary on purpose, so the good version stays good instead of becoming the minimum."
65,5,Wanting Less,One,Enough is as good as a feast.,English proverb,"Past sufficiency, more stops adding much. The second helping is worse than the first, the fourth bedroom becomes storage, and income beyond comfort mostly buys the anxiety of protecting it.","Find where your own curve flattens. There is a level of spending on food, housing or holidays beyond which the improvement becomes so faint that you would fail a blind test between the good version and the expensive one. Locate it honestly, stop climbing in that category, and move the effort somewhere it still registers."
66,5,Wanting Less,One,"Very little is needed to make a happy life; it is all within yourself, in your way of thinking.",Marcus Aurelius,"Written by a Roman emperor with access to absolutely everything, which is what makes it worth reading. He had the means to test the alternative thoroughly and reported back that the good parts were mostly internal.","Think of your best day this year. Not the most expensive. The best. Almost nobody names a purchase; it is people, weather, a walk, something absurd that happened at exactly the wrong moment and has been repeated at every family gathering since. Notice how little of it money supplied, then look at where your money goes."
67,5,Wanting Less,One,"Poverty wants much; but avarice, everything.",Publilius Syrus,"Need has a ceiling. Greed does not, because it was never about the objects in the first place: it is about a feeling of insufficiency that acquisition cannot reach, which is why buying the thing works for a fortnight and why the wealthiest people you can name are not the most satisfied ones.","In your own wanting, separate the thing from the feeling you expect it to deliver. Want a bigger house because yours is too small? Buy one. Want it because of how you imagine feeling inside it? Be aware that the house has never once delivered that, to anybody."
68,5,Wanting Less,One,Nothing in excess.,inscription at Delphi,"Two words, carved above a temple, and among the most durable advice anyone has produced. Note that it does not say ""nothing"". Excess is the problem, and excess is defined by its consequences rather than by any particular quantity.","Apply it where you would rather not. Work, exercise, tidiness and self-improvement all have excessive forms that look like virtue from outside. The test is not how much you are doing. It is what the doing has started to crowd out, and anything eating your sleep is over the line."
69,5,Wanting Less,One,Comparison is the thief of joy.,attributed to Theodore Roosevelt,Satisfaction is calculated against a reference point. Let other people set that point and you have handed them control of how you feel about a life that has not otherwise changed at all.,"Work out which specific inputs leave you dissatisfied with what you have. For most people it is fifteen minutes of one app, or one particular acquaintance. You are allowed to reduce your exposure. That is not avoidance. It is declining to run a comparison you never agreed to."
70,5,Wanting Less,One,"A man there was, though some did count him mad; the more he cast away, the more he had.",John Bunyan,"Bunyan means it spiritually, about generosity, and it holds up on the flat too. Giving things away, money, time, help, produces something that acquiring the same things does not. Nobody has fully explained why. It happens anyway.","When you feel short of something, give a small amount of it away. Short of time? Spend twenty minutes helping somebody. Short of money? Give a little. The logic is wrong and the result is dependable, which is worth more than the logic."
71,5,Wanting Less,One,"He is a wise man who does not grieve for the things which he has not, but rejoices for those which he has.",Epictetus,Attention is the scarce resource and you decide where it points. The same life described in terms of what is missing and in terms of what is present produces two completely different experiences from one identical set of facts.,"Do it concretely rather than as an attitude. Once a week write down three specific things. Not ""my family"" but ""Thursday, the kitchen, everyone laughing at something stupid"". Vague gratitude does nothing at all. Specific recall is what moves the reference point."
72,5,Wanting Less,One,Desire is a contract you make with yourself to be unhappy until you get what you want.,Naval Ravikant,"The moment you decide you need something, you have also decided that the present is unsatisfactory until further notice. That cost is incurred immediately and runs for the whole length of the pursuit, however long that turns out to be.","Keep the number of open contracts small and deliberate. One or two large wants is a life with a direction; six is a life spent permanently behind, in which every evening is a small failure to have arrived somewhere you have not yet reached. Look at what you are chasing and cancel anything you could not justify out loud to a friend."
73,5,Wanting Less,One,"Simplify, simplify.",Henry David Thoreau,"The repetition is the joke, and Emerson reportedly said one would have done. Thoreau's real point is that most of the complexity in a life was added by consent, one reasonable decision at a time, and can be removed the same way.","Pick one area that has silently accumulated. The calendar. The cupboard. The standing orders. The group chats. Halve it. Not as a system or a lifestyle. Once, this month, to find out how much of it you do not miss."
74,5,Wanting Less,One,Enjoy present pleasures in such a way as not to injure future ones.,Seneca,"The balance point. Not denial, not indulgence, but pleasure taken in a way that does not mortgage the version of you who has to be awake tomorrow, or solvent in March.","Before the third drink, the impulse purchase, the late night before an early start, ask what tomorrow's version of you inherits. Sometimes the answer is a good memory and a mild headache, which is a fine trade. The rule is not to abstain. It is to ask, and to answer honestly."
75,5,Wanting Less,One,The lack of money is the root of all evil.,Mark Twain,"Twain's inversion is a joke with an edge. Romanticising having little is easy from a position of comfort. Real shortage is not simplicity. It is stress, poor health and narrowed choices, and it should never be dressed up as wisdom.","One exception swallows the chapter. If money is genuinely tight, ignore most of this. Wanting less is a tool for people whose needs are met and whose appetite has outrun them. If yours are not met, wanting more is the correct response, and there is nothing unenlightened about it."
76,6,Envy and Comparison,One,A sound heart is the life of the flesh: but envy the rottenness of the bones.,Proverbs 14:30,"The image is deliberate. Envy is placed in the bones, the part of you nobody sees, structural and slow. It does not damage your life in any visible way. It quietly weakens the frame that everything else stands on.","Notice how private the feeling is. Nobody has ever been called out for envy, because it leaves no evidence. That is exactly why it runs for years unchallenged. Name it once, silently, when it arrives. The naming is most of the cure, and it costs you nothing in public."
77,6,Envy and Comparison,One,The envious man grows lean at the success of his neighbour.,Horace,"Two thousand years before the feed, Horace had already worked out that the damage flows one way. Your neighbour's success is not diminished by your resentment of it. Yours is.","Keep a rough tally, for one week, of the hours you spend thinking about somebody else's good fortune. Not judging them. Counting them. Then ask what you would have done with them otherwise. Envy is expensive and it never sends an invoice, which is why nobody notices the size of the bill."
78,6,Envy and Comparison,One,Whoever envies another confesses his superiority.,Samuel Johnson,"Johnson has it the right way round. You cannot envy someone you consider beneath you, so the feeling is an admission, made in private, that you rank them above yourself in the thing that matters to you.","Turn the confession into information. Whose success bothers you? That is your true ambition, stated by a witness who cannot be bribed. Most people spend years working out what they want. You have a shortcut, and it is uncomfortable, and it is accurate."
79,6,Envy and Comparison,One,Our envy always lasts longer than the happiness of those we envy.,François de La Rochefoucauld,"They got the thing. Six weeks later it had joined the furniture and they were on to the next want, exactly as you would have been. You, meanwhile, are still in the moment of their triumph, which for you has no expiry date because you never got to be bored of it.","Fast-forward. The person whose life you covet is not living in the photograph. They are living in a Tuesday, with a boiler that needs replacing. You are comparing your ordinary week to their highlight, and the comparison was rigged before you started."
80,6,Envy and Comparison,One,"As rust corrupts iron, so envy corrupts man.",Antisthenes,"Rust needs no help and no event. It needs only time, damp and neglect. It works from the inside out, on the thing that gives a structure its strength.","Watch for the slow version, not the sharp one. The sharp pang passes. The slow one shows up as a permanent light contempt for someone who has done nothing to you, or as never being able to praise them without a qualification. If you find you cannot say a warm sentence about a particular person, you have found some rust."
81,6,Envy and Comparison,One,Nothing sharpens sight like envy.,Thomas Fuller,"Envy makes you a brilliant observer of one narrow thing. You will notice the new watch, the different job title, the holiday nobody mentioned, with a precision you cannot manage for the work you are paid to look at.","When you catch yourself knowing an unreasonable amount about somebody's circumstances, ask what the attention is for. This is a genuine skill being spent on nothing. The same noticing, aimed at your own work or at a person who needs help, is worth having. Aimed here, it is just surveillance."
82,6,Envy and Comparison,One,No one is happy who does not think himself so.,Publilius Syrus,"The judgement is internal and it is the only one that lands. A life that looks fortunate from outside and feels insufficient from inside is experienced, from inside, as insufficient. That is where you live.","Remember that you are the person somebody else is comparing themselves to. Somewhere there is a person who would take your circumstances in a heartbeat. This does not oblige you to be grateful on command. It does establish that the outside view of a life tells you almost nothing about the inside of it, including yours."
83,6,Envy and Comparison,One,It is in the character of very few men to honour without envy a friend who has prospered.,Aeschylus,"Aeschylus is not condemning anybody. He is reporting a base rate. Congratulating a friend without a private twinge is rare, and pretending otherwise is how people end up thinking there is something uniquely wrong with them.","Lower the standard you hold yourself to. You do not have to feel pure delight. You have to behave well: send the message, mean the words, and let the twinge happen without acting on it. Conduct is the part you control. The feeling can be present and unhelpful and still not get a vote."
84,6,Envy and Comparison,One,"The envious die not once, but as often as the envied win applause.",Baltasar Gracián,"Every announcement is a fresh small death. And because the envied person keeps living, the deaths keep coming, which makes envy the only emotion that renews its own subscription.","Take the trigger out of your hand. If one person's updates reliably ruin an afternoon, mute them. Not forever, and not with a speech. Muting is not a judgement on them and it is not a defeat for you. It is declining to attend a ceremony that only ever ends one way."
85,6,Envy and Comparison,One,The reason we struggle with insecurity is that we compare our behind the scenes with everyone else's highlight reel.,Steven Furtick,"You have full access to your own doubts, false starts and bad mornings, and you have edited access to theirs. So the comparison is between the whole of one life and the trailer for another. It was never a fair fight.","Before comparing, insist on the same footage from both sides. What was their year like, actually? You find out later, at a wedding or a funeral, that the person whose life you wanted was in the worst eighteen months of theirs while you were envying the photographs."
86,6,Envy and Comparison,One,"Every other sin hath some pleasure annexed to it, or will admit of an excuse; envy alone wants both.",Robert Burton,"Burton's point is that this one is uniquely unrewarding. Greed at least delivers objects. Anger has a rush to it. Envy has no pleasure attached at any stage, and no defence you could make to a jury.","Use the total absence of upside as leverage. With most bad habits you are giving something up. With this one you are not, which makes it the cheapest thing in your life to put down. There is nothing on the other side of the exchange to mourn."
87,6,Envy and Comparison,One,It is better to be envied than pitied.,Herodotus,"The line was old when Herodotus wrote it down, and it cuts both ways. Being envied means you have something. It also means being disliked for it by people who will never say so, and the price of that is real.","Consider that you are on the receiving end more often than you know. Somebody resents your marriage, your job, your health, your childhood. They have never mentioned it and they never will. Hold that lightly when a friend seems oddly cool about your good news. It may not be about you at all, and it may not be within their control either."
88,6,Envy and Comparison,One,Envy shoots at others and wounds herself.,English proverb,"The proverb is about the mechanics of aim. You cannot fire this particular arrow at somebody else, because there is no way to deliver it. It goes off in your hand every time.","When you feel the urge to diminish someone, out loud or in your head, notice that the sentence never reaches them. The colleague never hears the thing you say about their promotion in the car. Only you and the passenger seat hear it, and you are the one it changes."
89,6,Envy and Comparison,One,"Fret not thyself because of evildoers, neither be thou envious against the workers of iniquity.",Psalm 37:1,"This is the hardest case: envying someone who got there by means you would refuse. The line does not say they will be punished. It says do not let the injustice occupy you, which is a different and more useful instruction.","Separate the anger from the envy. The anger at unfairness is legitimate and can be pointed at something: a complaint, a vote, a policy, a conversation with somebody who can act. The envy is not legitimate and can be pointed at nothing. Keep the first. It is worth something. Drop the second."
90,6,Envy and Comparison,One,Envy is ignorance; imitation is suicide.,Ralph Waldo Emerson,"Emerson goes further than everyone else here. Envy is not merely unpleasant. It is a factual error, because it assumes their life would work if it were yours, and that assumption has never once survived contact with the details.","Here is the exit, and it is the strongest one available. You cannot have their life. Not the good part on its own. It comes attached to their parents, their marriage, their health, their debts and their particular three in the morning, and the trade is all or nothing. Nobody has ever accepted the whole package on inspection. Whatever you are envying, you want a component and not the machine, and components can be bought separately."
91,7,Friendship and Love,Two,"A friend loveth at all times, and a brother is born for adversity.",Proverbs 17:17,"Two different offices. The friend is constant, in good weather and bad, without needing a crisis to justify the contact. The second half is about who appears when things collapse, and it is a smaller list than the first.","Write down the three people you would ring at two in the morning. Then ask when you last contacted any of them for no reason. The at all times part is what earns you the adversity part, and it is paid in advance, in dull ordinary weeks when nothing is wrong."
92,7,Friendship and Love,Two,Friendship is a single soul dwelling in two bodies.,Aristotle,"Aristotle is describing the rarest kind, the friend you do not have to explain yourself to. Not agreement on everything. Something simpler: the absence of translation. You say the half sentence and it lands.","Count how many people you have this with. Two is a good number. Four is a rich life. If the answer is none, that is not a verdict on you, it is a construction project, and it takes years instead of weeks, which is the only reason most adults do not start."
93,7,Friendship and Love,Two,"Prosperity makes friends, adversity tries them.",Publilius Syrus,"Good times attract company that costs nothing to keep. Bad times sort that company into two groups, quickly and without any announcement, and the sorting is rarely a surprise afterwards.","When your own bad stretch comes, watch who appears and keep the list. Do not use it for revenge. Use it for allocation: your limited energy should go to the people who turned up, and it is remarkable how many of us spend it instead on the ones who did not, out of habit or old loyalty to a version of them that no longer exists."
94,7,Friendship and Love,Two,"We cannot tell the precise moment when friendship is formed. As in filling a vessel drop by drop, there is at last a drop which makes it run over.",James Boswell,"There is no threshold event. No conversation converts an acquaintance into a friend. It is accumulation, and it happens below the level where you notice it happening, which is why you can rarely say when it started.","Stop waiting for the significant occasion. The drops are the point: the lift to the station, the reply to a nothing message, the second time you sit next to each other. Volume matters more than depth here, at least at first. Say yes to the low-stakes invitation, which is where nearly all of it happens."
95,7,Friendship and Love,Two,"A true friend is the greatest of all blessings, and the one we take the least care of all to acquire.",François de La Rochefoucauld,"He is pointing at a plain inconsistency. We plan for the career, the mortgage and the pension, and we leave the thing that most determines whether the years are bearable to chance and proximity.","Treat it as a thing you do, not a thing that happens to you. Put it in the diary if that is what it takes. The first Tuesday of the month, that pub, whoever comes. It feels mechanical written down and it produces something that no amount of good intention ever has."
96,7,Friendship and Love,Two,The only way to have a friend is to be one.,Ralph Waldo Emerson,"A blunt statement about direction. The supply of people waiting to adopt you is zero. The supply of people who would respond warmly if approached first is large and untouched, because everyone is waiting on the same message from somebody else.","Go first. Send the message you have been half composing for a month. Suggest the specific date instead of the vague meet up soon, which is a phrase designed to be agreed with and never acted on. The awkwardness of going first lasts about eleven seconds and is the entire price."
97,7,Friendship and Love,Two,A hedge between keeps friendship green.,English proverb,"Closeness needs a boundary or it turns into friction. The hedge is not a wall. It marks where you end and they begin, and its whole function is to make the shared ground pleasant instead of contested.","Apply it to the practical things that quietly kill friendships: money lent, holidays shared, work done as a favour, a spare room offered indefinitely. Agree the terms out loud, early, while everyone is comfortable. It feels cold in the moment. It is the reason you are still speaking in five years."
98,7,Friendship and Love,Two,"Friendship is like money, easier made than kept.",Samuel Butler,"Butler is being unsentimental on purpose. The making is the easy half and it is where all the attention goes. The keeping is unglamorous, repetitive and invisible. It is where friendships are won or lost.","Audit the direction of effort. Take four friendships and ask who initiated the last three contacts. If it was always you, that is worth knowing without bitterness. If it was never you, that is worth knowing with some urgency. Neither answer requires a conversation. Both should change what you do next week."
99,7,Friendship and Love,Two,Love is not love which alters when it alteration finds.,William Shakespeare,"The test is not the good stretch. It is what happens when the other person changes: gets ill, gets difficult, loses the job, becomes less fun to be around for eighteen months. Love that only survives the pleasant version was attachment to the version, not the person.","Look at who has stayed while you were at your worst. Then look at whether you have done the same for anyone. Both lists are short for everybody, and the second one is the one you have any say over."
100,7,Friendship and Love,Two,Let there be spaces in your togetherness.,Kahlil Gibran,"Written about marriage, and it applies to any close bond. Two people who do everything together stop having anything to bring back to each other, and the closeness starves on the thing that was meant to feed it.","Keep something of your own. A friendship they are not part of, an evening that is yours, a thing you are learning badly. This is not distance and it is not a warning sign. It is what gives you something to say on Thursday that they have not already heard on Wednesday."
101,7,Friendship and Love,Two,"It is not a lack of love, but a lack of friendship that makes unhappy marriages.",Friedrich Nietzsche,"Nietzsche is separating two things that get confused. Love is a feeling and it fluctuates for reasons neither party controls. Friendship is a practice: liking the person, being interested in their day, wanting their company when nothing is at stake. The second is what carries the years.","Ask a plain question about your closest relationship. If you met them today, with nothing between you, would you want to be their friend? A yes means the foundation is there whatever the weather is doing. A no is worth sitting with, and it is not the same as not loving them."
102,7,Friendship and Love,Two,"Better is a dinner of herbs where love is, than a stalled ox and hatred therewith.",Proverbs 15:17,"Vegetables in a warm house beat a feast in a cold one. The proposition is that the company sets the value of the occasion, and the catering is a rounding error, which everybody agrees with and almost nobody organises their life around.","Lower the bar for having people over. The tidying, the cooking and the arrangements are the reason it has not happened since March. Feed them badly on a weeknight. Nobody has ever gone home disappointed by the food at a house where they felt welcome."
103,7,Friendship and Love,Two,"The comfort of having a friend may be taken away, but not that of having had one.",Seneca,"Written to a man in grief. Seneca's argument is that the friendship is not retrospectively cancelled by its ending, and that mourning it as if the good years had been deleted is a second loss on top of the first.","Applies to death and also to the ordinary drift. The friendship that quietly stopped in 2019 still happened. You were not wrong to have had it and it did not fail. Some are for a stretch of your life and not all of it, and treating those as failures makes people reluctant to start any."
104,7,Friendship and Love,Two,There is no remedy for love but to love more.,Henry David Thoreau,"There is no technique here and Thoreau is not offering one. The only response to caring about people, with all the exposure that involves, is more of it, because the alternative on offer is to care about nobody and that cure is worse than the disease.","When you have been hurt by someone and the sensible conclusion seems to be to keep everyone further away, notice that the sensible conclusion has a cost that arrives later and lasts longer. Guarding works. That is the problem with it. Do the specific repair with the specific person. Do not lower the temperature on everybody."
105,7,Friendship and Love,Two,"There is a time to embrace, and a time to refrain from embracing.",Ecclesiastes 3:5,"Even here there is a limit. Not every relationship is to be kept, and the effort of holding one up long after the other person stopped is not loyalty. It is habit wearing loyalty's coat.","The exit for this chapter. You are allowed to let one go. The friend who only ever takes, the one you dread seeing, the one who has been unkind for years while you kept explaining it away: you can stop, and you do not owe anyone the confrontation. Reply more slowly. Do not organise the next thing. Most of these end the way they should, quietly, without either of you having to say the sentence out loud."
106,8,Listening Properly,Two,"Give every man thy ear, but few thy voice.",William Shakespeare,"Polonius is a windbag and the advice is still sound. Take in widely. Give out little. Most people run it the other way round, offering their opinion to everybody and their attention to almost nobody, then wonder why conversations feel thin.","In your next group conversation, set a ratio and hold to it. Four things heard for every one contributed. You will notice how much of what you were going to say turned out to be unnecessary, and how much you had been missing while assembling it."
107,8,Listening Properly,Two,"It is the province of knowledge to speak, and it is the privilege of wisdom to listen.",Oliver Wendell Holmes,Talking displays what you already have. Listening is the only mechanism by which you acquire anything new. Anyone who does all the talking in a room has spent an hour learning nothing.,"Notice who you are with when you talk most. It is the people you feel you have something to prove to, which is exactly backwards: you would impress them more, and understand them better, by asking two more questions than feels natural and then waiting."
108,8,Listening Properly,Two,"He that answereth a matter before he heareth it, it is folly and shame unto him.",Proverbs 18:13,"Answering early is not efficiency. It is guessing. You have responded to your prediction of what they were about to say, and the prediction was assembled out of your own assumptions rather than anything they told you.","Someone starts explaining a problem and you think you have it by the third sentence: hold the answer. Ask them to keep going. Half the time the situation contains a detail that would have made your quick answer wrong, and mildly humiliating, in front of people."
109,8,Listening Properly,Two,"The right word may be effective, but no word was ever as effective as a rightly timed pause.",Mark Twain,"Silence does work that speech cannot. Leave a gap when somebody finishes and they will almost always keep going, and the second thing they say is more honest than the first.","Count to three before responding. It feels like an age from inside and is invisible from outside. In a difficult conversation with a teenager, a colleague, or a friend who is holding something back, that one habit gets you more than any question you could have devised."
110,8,Listening Properly,Two,Silence is a true friend who never betrays.,Confucius,"Nothing you do not say can be quoted back at you, misconstrued in the retelling, or produced at the wrong moment eighteen months later. Silence is the one reliable option in any conversation, and it is the option people reach for last.","In anything charged, a family row, a meeting about redundancies, a dispute between friends where you are being invited to pick a side, default to saying less. You can always add something tomorrow. You can never remove something today."
111,8,Listening Properly,Two,The greatest gift you can give another is your undivided attention.,traditional,"Undivided is the word carrying the sentence. Partial attention is not a smaller portion of the same gift. It is a different thing, and everybody feels the difference at once, even when they could not tell you what they felt.",Put the phone in another room rather than face down on the table. Face down still says the call might matter more. This sounds trivial and it changes the quality of an evening more than anything you could think of to say during it.
112,8,Listening Properly,Two,You never really understand a person until you consider things from his point of view.,Harper Lee,"Understanding is not agreement and it is not approval. It is the reconstruction of how the world looks from where somebody else is standing, which almost always makes behaviour that seemed baffling look, from the inside, reasonable.","Take the person annoying you most this week and state their position so that they would endorse the wording. Not the caricature. The strongest version. You will find their behaviour makes sense given information or fears you had not accounted for, and now and then you will find you were the information they were frightened of."
113,8,Listening Properly,Two,He who does not know how to be silent does not know how to speak.,Ausonius,"The two are a single skill. Knowing when to stop is what gives the things you do say their weight, and somebody who talks without pause has no way of signalling that any particular sentence matters more than the others.","Watch what happens when the quiet one speaks in a meeting. The room turns. That is not their status; it is the scarcity. If you want your words to land, spend fewer of them and let the silences do some of the pointing."
114,8,Listening Properly,Two,A wise old owl sat on an oak; the more he saw the less he spoke; the less he spoke the more he heard.,English nursery rhyme,"A children's rhyme describing a real feedback loop. Speaking less produces more information, which produces better judgement, which reduces the need to speak. It compounds, over years, in the people you think of as shrewd.","For one week, in one setting, be the person who says least. A recurring meeting, Sunday lunch, the group chat. Notice what you learn about who wants what and who is deciding. It was always available and it was inaudible over your own voice."
115,8,Listening Properly,Two,Silence is one of the great arts of conversation.,Cicero,"Silence described as a technique with a purpose, rather than a failure to contribute. Used well it invites, it emphasises, and it leaves the other person room to arrive somewhere they would never have reached under a steady stream of your commentary.","If somebody is working through something out loud, resist filling the pauses with encouragement. ""Mm"" is enough. Every helpful interjection is a small interruption of a process that was going fine, and thinking aloud collapses the moment it starts being responded to."
116,8,Listening Properly,Two,"Be kind, for everyone you meet is fighting a hard battle.",attributed to Ian Maclaren,"What you can see is a fraction of what is going on. The curt reply, the missed deadline, the person who was short with you in the queue at the post office: all of it sitting on top of a situation you know nothing whatever about.","When somebody behaves worse than you expected, run the charitable explanation first, even if you do not believe it. Not because they have earned it, but because it changes your response, and your response is the only part of the exchange you control. You will be right enough of the time to justify it."
117,8,Listening Properly,Two,"From listening comes wisdom, and from speaking, repentance.",Italian proverb,Look at what you regret. It is almost never something you failed to say. The archive of things you wish you had kept to yourself is long and well catalogued; the archive of regretted silences is short.,"Use your own record. Before saying the risky thing, ask which list it is likely to join. You have decades of evidence about how this goes for you, and it is more reliable than whatever you are feeling at half past eleven at night."
118,8,Listening Properly,Two,The first duty of love is to listen.,Paul Tillich,"Not to provide, protect or fix, useful as those all are. To listen, because it is the only one that requires setting your own perspective aside, and the only one that cannot be performed while thinking about something else.","With the people closest to you, notice how much of the time you are half-listening because you already know what they are like. Familiarity is what erodes attention: you stop hearing them and start hearing your model of them, which was assembled years ago and has not been updated. Ask something you do not know the answer to."
119,8,Listening Properly,Two,"Let thy speech be better than silence, or be silent.",Dionysius the Elder,"A test with a high bar. Silence has a value of its own, so speech has to beat it rather than merely fill the space. Most conversational filler fails this and adds nothing but noise to a room that was fine before.","Before speaking in a meeting, ask whether this improves on saying nothing. Agreement that three people have already expressed does not. Restating the problem does not. It is a demanding standard, it will cut what you say roughly in half, and nothing will be lost."
120,8,Listening Properly,Two,A friend to all is a friend to none.,attributed to Aristotle,"Attention is finite. Spread it across everybody who wants some and each person receives a thin version, which is why the people who listen to everyone end up with nobody who knows them well.","Here is your permission to stop. You do not owe deep listening to every person who wants an audience. If you are the one everybody comes to, you are allowed to say you have not got it in you today. Keep the real attention for the handful who would do the same for you."
121,9,Saying the Hard Thing,Two,"Speak the truth, but leave immediately after.",Slovenian proverb,"Say the difficult thing and then get out of the way. Most of the damage in these conversations comes from what follows it: the elaboration, the justification, the second and third examples produced to prove you are being fair.","Prepare one clear sentence. Say it. Stop. Let them respond. Do not fill the silence with softening or evidence, because every reinforcement makes the thing feel more like an ambush that was planned in advance, which, to be fair, it was."
122,9,Saying the Hard Thing,Two,Faithful are the wounds of a friend; but the kisses of an enemy are deceitful.,Proverbs 27:6,Anyone who tells you something you do not want to hear is taking a risk on your behalf. Anyone who agrees with everything you say may simply have decided you are not worth the trouble.,"When somebody tells you a hard truth, notice that your first instinct is to reassess them rather than the information. Sit with it for a day before responding. Then remember it when your turn comes: being the one who says it is a cost, not an indulgence."
123,9,Saying the Hard Thing,Two,"Admonish your friends privately, but praise them openly.",Publilius Syrus,"The setting changes the content. The same words spoken in front of other people become a performance and a humiliation, and the person spends everything they have defending their standing instead of considering what you said.","Never give critical feedback with an audience, and that includes the audience of one sitting at the other end of the sofa. Then reverse it for praise. Say the good thing where other people can hear it, because the private version is worth about a tenth as much."
124,9,Saying the Hard Thing,Two,The truth is rarely pure and never simple.,Oscar Wilde,"Most difficult conversations are not a clean matter of one party being right. Your account is partial, shaped by what you witnessed and what you already believed, and there exists a version of events in which you are the difficulty.","Work out your own contribution before you raise anything. Say that part first, and mean it. Not as a technique for softening the blow, but because it is true, and because starting there produces a conversation rather than a verdict."
125,9,Saying the Hard Thing,Two,Silence gives consent.,proverb,"Saying nothing is not neutral. Over time it reads as agreement, both to the person doing the thing and to everybody else in the room, and it gets harder every month to object to something you have watched in silence for two years.","The first instance is the cheapest moment to speak. A light remark at the first dinner costs nothing; the identical remark at the fortieth is a confrontation about a decade of behaviour, and it will be received as one. If something has just started, say something while it is still small."
126,9,Saying the Hard Thing,Two,Better a friendly refusal than an unwilling promise.,German proverb,"A clear no is kinder than a resentful yes. The reluctant yes costs you the task and costs them a version of your help that is worse than none at all, delivered late and with the irritation showing.","Asked for something you do not want to do, say no in the moment rather than ""let me see"". The delay does not soften anything; it just extends their planning problem. ""I can't take that on"" is a complete answer and does not require a reason to follow it."
127,9,Saying the Hard Thing,Two,I am not bound to please thee with my answer.,William Shakespeare,You are not obliged to produce a response the other person will enjoy. Politeness governs how you say things. It does not oblige you to supply the answer somebody was hoping for.,"Feel yourself softening a no into a maybe, or an assessment into a compliment, and notice what you are managing: their feelings, or your own discomfort with their feelings. It is the second. You can be perfectly courteous and still say the thing they did not want."
128,9,Saying the Hard Thing,Two,Whoever is careless with the truth in small matters cannot be trusted with important matters.,Albert Einstein,"Credibility is assembled out of small accuracies. The habit of shading things, always in the direction that makes life easier, gets noticed long before anybody mentions it, and it devalues everything else you say.","Watch the tiny ones. The invented reason for being late. The enthusiasm for a plan you dislike. The ""no, it's fine"". Each is nothing on its own, and the aggregate is a reputation, and you will need people to believe you on the day something serious depends on it."
129,9,Saying the Hard Thing,Two,"Ask yourself: is it true, is it necessary, is it kind?",attributed to the Buddha,"Three filters, and most difficult things worth saying pass all three. The line gets used to justify silence, which misreads it. Necessary things are often unkind to hear and kind to say.","Run the test in the hard direction too. If something is true and necessary and you are avoiding it because it is uncomfortable, the test says speak. Failing on ""kind"" means find a kinder way to say it. It does not mean swallow it for another year."
130,9,Saying the Hard Thing,Two,Speaking the truth in love.,Ephesians 4:15,"Both halves carry weight. Truth without warmth is an attack; warmth without truth is flattery. The phrase describes the narrow thing that is actually useful, which is honesty delivered by somebody plainly on your side.","Make the goodwill explicit instead of assuming it is understood. ""I'm telling you because I'd rather you heard it from me than from somebody who doesn't care."" People can absorb a great deal of hard information when they are certain of the motive, and almost none when they are not."
131,9,Saying the Hard Thing,Two,A lie which is half a truth is ever the blackest of lies.,"Alfred, Lord Tennyson","Accurate statements arranged to leave a false impression are worse than plain lies, because they arrive with deniability attached. You get the benefit of the deception and the defence of never having said anything untrue.","After giving partial feedback or a partial explanation, ask what impression you left behind. If it is one you know to be wrong, and you are relying on the exact wording to protect you, you were not honest. Fix it while it is still a clarification rather than a discovery."
132,9,Saying the Hard Thing,Two,"Praise loudly, blame softly.",Russian proverb,"Volume should run opposite to severity. The heavier the criticism, the quieter and more private the delivery, because the content is already doing the work and added force only raises the defences.","Say the serious thing more gently than the material warrants. Understatement is more devastating and better received than emphasis. If you have to raise your voice to make the point land, the point is not what is landing."
133,9,Saying the Hard Thing,Two,A refusal given quickly is a favour.,Publilius Syrus,"People can plan around a no. What they cannot plan around is an ambiguous maybe they have to keep chasing, which occupies their attention for a fortnight and then delivers exactly the same answer.","Answer the invitation, the request, the proposal within a day, and above all when the answer is no. The person waiting on you is holding a decision open on your account. Releasing them quickly is more generous than the drawn-out kindness you thought you were offering."
134,9,Saying the Hard Thing,Two,Say what you mean and mean what you say.,traditional,"Two separate demands. The first is about clarity: no hints, no hoping they will infer it. The second is about consistency: what you said still stands after the conversation ends, including on the days when standing by it is inconvenient.","Notice when you are hinting. ""It'd be nice if the kitchen got sorted at some point"" is not a request. It is a complaint wearing the costume of one, and the kitchen will still be like that on Friday. Ask for what you want, with a day attached to it."
135,9,Saying the Hard Thing,Two,All truths are not to be told.,English proverb,"Not everything true is yours to say or worth the damage it does. Some observations serve nobody but the person making them, and ""I felt they ought to know"" is sometimes a cover for wanting to be the one who told them.","Everything in this chapter stops here. Before raising it, ask what changes if you do. If the answer is nothing, because the thing is unalterable, long past, or purely a matter of your taste, you are allowed to leave it. Restraint is not cowardice, and you are the only one who can tell which you are exercising."
136,10,When Someone Wrongs You,Two,"To err is human; to forgive, divine.",Alexander Pope,"Getting things wrong is the ordinary condition, yours included. Forgiveness is named as the harder and rarer act precisely because it does not come easily, and nobody should pretend that failing at it makes you defective.","Start with the first half rather than the second. Before deciding what somebody's behaviour reveals about their character, ask whether you have ever done something of roughly that shape. Often you have, in a smaller way, and it changes the size of the thing without excusing it."
137,10,When Someone Wrongs You,Two,"In taking revenge, a man is but even with his enemy; but in passing it over, he is superior.",Francis Bacon,"Revenge at its very best restores parity. You have spent effort, time and a portion of your character to arrive back where you started, and the scoreboard reads nil-nil. Letting it go costs nothing further and leaves you ahead.","Drafting the devastating reply, or planning the manoeuvre that will embarrass them, work out what you are actually left holding if it succeeds. Brief satisfaction. A permanent enemy. A story you cannot tell well at dinner. Then price the alternative, which is your Tuesday evening back."
138,10,When Someone Wrongs You,Two,Never ascribe to malice that which is adequately explained by stupidity.,Hanlon's razor,"Most harm is not aimed. People are thoughtless, overloaded, badly informed and preoccupied with themselves, and the slight you were certain was aimed was somebody not thinking about you at all.","Build the boring explanation before you decide you were targeted. They forgot. They did not know. They were dealing with something at home. If the boring version fits the facts, act on that one, because a relationship recovers from thoughtlessness and rarely from an accusation of malice."
139,10,When Someone Wrongs You,Two,The best revenge is to be unlike him who performed the injury.,Marcus Aurelius,"The most durable damage anybody can do to you is to turn you into a version of themselves: suspicious, cold, ready to strike first. Staying yourself is the one outcome they cannot take.","After being treated badly, watch the new habits arriving. Are you now the person who checks up, keeps a record of slights, assumes the worst as a matter of policy? Some of that is sensible caution. Watch for where it stops being about them and becomes how you treat everybody."
140,10,When Someone Wrongs You,Two,Revenge is a dish best served cold.,proverb,"Usually quoted as a threat. Read it as a delay instruction instead, because the waiting period that is meant to make revenge more effective dissolves the appetite for it.","Do nothing for a month, deliberately, telling yourself you are only postponing. Then revisit. The urgent need to act will have gone, and what remains is a much clearer view of whether anything needs doing at all."
141,10,When Someone Wrongs You,Two,He who cannot forgive others breaks the bridge over which he himself must pass.,George Herbert,"You will need this eventually. Everybody does something that requires another person's tolerance, and the standard you enforce on others is the one waiting for you when your turn comes to be in the wrong.","Deciding whether something is unforgivable, imagine having done it yourself, in circumstances where it made sense at the time. Not everything survives that test. Plenty does, and the ones that survive it are the ones to put down first."
142,10,When Someone Wrongs You,Two,"Before you embark on a journey of revenge, dig two graves.",attributed to Confucius,"The pursuit consumes the pursuer. A sustained campaign against a person becomes a full-time occupation that eats years, relationships and peace, and the destination is always worth less than a single day of getting there cost.","Count the hours. If you are in a long dispute, a legal fight, a family feud, a running argument with a utility company, add up what it has taken so far. Sometimes the fight is still right. Make that decision knowing the price, rather than discovering it in year three."
143,10,When Someone Wrongs You,Two,"Forgive us our trespasses, as we forgive them that trespass against us.",Matthew 6:12,"The clause is conditional and deliberately uncomfortable. It asks to be judged by your own standard, on the reasonable grounds that somebody who requires mercy and will not extend it has not understood what they are asking for.","Think of the last time you needed somebody to overlook something you did. Remember what being forgiven was like, and what it would have been like not to be. That memory argues more effectively than any assessment of the current case."
144,10,When Someone Wrongs You,Two,An eye for an eye only ends up making the whole world blind.,attributed to Mahatma Gandhi,"Proportionate retaliation sounds fair and never stops. Each side's response is justified by the last one, the exchange has no natural end, and everybody involved finishes worse off than if the first injury had been absorbed and left there.","Look at any long feud near you: family, neighbours, ex-partners with children between them. Notice that nobody can say who started it and everybody is certain they are responding. Somebody has to absorb one round without returning it. That is not weakness. It is the only exit anyone has found."
145,10,When Someone Wrongs You,Two,A wise man gets more use from his enemies than a fool from his friends.,Baltasar Gracián,"Enemies pay you a strange compliment. They study you hard and tell the truth about your weaknesses, which friends will not do. The criticism comes wrapped in malice and it can still be accurate.","After an unfair attack, wait a week, then go through it for the two per cent that lands. Discard the rest. You have been given free, unflinching information about a flaw that everybody who likes you has been too polite to mention for years."
146,10,When Someone Wrongs You,Two,Time heals what reason cannot.,Seneca,"You cannot argue yourself out of a wound on schedule. Understanding why it happened, deciding it does not matter, resolving to move on: none of these work directly. What works is duration, and there is no substitute available at any price.","Stop treating your continuing distress as a failure of effort. Still stinging after six months is normal, and it is not evidence that you handled it badly. Do the ordinary things, keep the person at whatever distance you need, and let the calendar do the part your reasoning cannot."
147,10,When Someone Wrongs You,Two,"Injuries may be forgiven, but not forgotten.",Aesop,"Forgiveness and amnesia are different things, and confusing the two is what keeps people stuck. You can release the grievance and retain the entirely sensible knowledge of what this person turned out to be capable of.","If somebody insists you have forgiven them but keeps raising it because your behaviour has changed, you can say honestly: I am not angry, and I am not going to pretend it did not happen. Remembering is not punishment. It is an accurate record, and you are allowed one."
148,10,When Someone Wrongs You,Two,Living well is the best revenge.,George Herbert,The most effective response is not aimed at them at all. It is the reallocation of everything you would have spent on the grievance into a life that is plainly fine without them anywhere near it.,"Take the energy currently going into the imagined confrontation and put it somewhere that shows: fitness, work, people you like. This is not performed for their benefit, which is why it works. The version done for their benefit is still a relationship with them."
149,10,When Someone Wrongs You,Two,"Forgiveness does not change the past, but it does enlarge the future.",Paul Boese,"Nothing available to you affects what happened. The only variable left is how much of what remains the past gets to occupy, and holding the grievance is the mechanism by which it keeps claiming more.","Ask what the next five years look like with this still in them, and what they look like without. If the second is better, that is your reason, and it has nothing to do with what the other person deserves or whether they ever apologise."
150,10,When Someone Wrongs You,Two,"Trust, but verify.",Russian proverb,"Letting something go does not oblige you to restore the arrangement that allowed it to happen. You can be entirely at peace with somebody and still not lend them money, still weigh your words, still decline to leave them alone with your affairs.","Here is the part most versions of this advice leave out. If everything above feels like pressure to reconcile, ignore it. Putting the anger down and keeping your distance are compatible, and for some people that combination is the only sane one. You owe them the absence of malice. You do not owe them access."
151,11,Persuading Without Pushing,Two,The North Wind and the Sun,Aesop,"The wind and the sun compete to remove a traveller's cloak. The wind blows harder and harder, and the man grips it tighter. Then the sun comes out. He takes it off himself. Force creates resistance; warmth creates willingness.","Watch for repetition in your own voice. If you are saying the same sentence with more force than you used ten minutes ago, you have become the wind. Stop. Change the temperature rather than the volume, and see what happens to the grip."
152,11,Persuading Without Pushing,Two,It is difficult to get a man to understand something when his salary depends upon his not understanding it.,Upton Sinclair,"People are not only working out what is true. Underneath, quietly, they are working out what is safe to believe. If your point costs someone their job, their standing, or their picture of themselves, evidence will not reach them, because evidence was never what was holding the position up.","Before you make the case, price it from their side. If agreeing means admitting to a room full of colleagues that they got it wrong for two years, no argument you construct will be worth that. Build them a door. Something like ""the situation has changed"" costs them nothing and gets you the same result."
153,11,Persuading Without Pushing,Two,Never interrupt your enemy when he is making a mistake.,attributed to Napoleon Bonaparte,"Spotting an error produces an almost physical urge to name it. Resist. Naming it hands the other person a correction they would otherwise have had to make themselves, and it converts a private mistake into a public event, which is the one form guaranteed to be defended.","Someone is talking themselves into a hole in a meeting. Let them. Half the time they find the hole unaided, which is worth ten of you finding it for them. Save your interruptions for the ones where speaking changes the outcome rather than the scoreline."
154,11,Persuading Without Pushing,Two,"We have two ears and one mouth, so that we may listen twice as much as we speak.",attributed to Epictetus,"Arithmetic as a rule of life. Most people in most conversations are not listening. They are queuing, assembling their reply while the other person's mouth is still moving, waiting for the gap.","Set a condition for your next difficult conversation: you may not state your position until you can summarise theirs well enough that they would say ""yes, that's it."" It takes longer than you want. You will also discover that the disagreement is smaller than you thought, and frequently somewhere else entirely."
155,11,Persuading Without Pushing,Two,The best way to convince a fool he is wrong is to let him have his own way.,Josh Billings,"Some arguments cannot be won with words, because the other person has not yet met the consequences. Experience teaches what explanation cannot, and it teaches faster.","Keep this for small stakes. Your colleague wants a spreadsheet format that will fall apart by March, and the cost of it falling apart is one wasted afternoon? Let it fall apart. If the cost is the company, keep arguing. The skill is telling those two apart honestly, rather than reaching for this line whenever you are tired of trying."
156,11,Persuading Without Pushing,Two,A man convinced against his will is of the same opinion still.,English proverb,"You can force the words out of someone and change nothing underneath. They nod. They stop objecting. They go on believing exactly what they believed before, with a fresh layer of resentment on top, and now you have both the original problem and a new one.","Be suspicious of agreement that arrives too fast, particularly from someone with less power than you. ""Yeah, fine, you're right"" from an employee or a fifteen-year-old means the conversation has ended. It does not mean the disagreement has. Ask them what they still think, and mean it."
157,11,Persuading Without Pushing,Two,"Seek first to understand, then to be understood.",Stephen Covey,"Understanding is not a courtesy you perform before getting to your real point. It is the thing that makes the point possible, because until you know what someone believes, you are arguing with a version of them you invented, and winning against that version achieves nothing.","Catch yourself responding to a caricature. The tell is the phrase ""so what you're saying is,"" followed by something they would never say. Ask instead. You will be wrong about their actual position more often than is comfortable."
158,11,Persuading Without Pushing,Two,"If you want to build a ship, don't drum up men to gather wood — teach them to long for the sea.",Antoine de Saint-Exupéry,"Instructions produce compliance. Wanting produces initiative. If people do the task only because you assigned it, you have signed up to assign every task, forever, including the ones you have not thought of yet.",Spend a minute on why before you spend ten on how. Not a speech. The actual reason it matters and what it feeds into. People who understand the point will solve problems you never anticipated; people following instructions bring those problems back to your desk.
159,11,Persuading Without Pushing,Two,Speak softly and carry a big stick.,Theodore Roosevelt,Real leverage does not need announcing. Anyone who has to keep reminding you of their power is telling you how little of it they have. Quiet strength leaves the other side somewhere to go.,"Negotiating a salary, a rent increase, a builder's quote: say your position once, calmly, then stop talking. Do not threaten. Do not justify it three times over. The silence after a clear position does more work than any pressure you could apply, and most people cannot sit in it."
160,11,Persuading Without Pushing,Two,"You can lead a horse to water, but you cannot make it drink.",English proverb,"Your responsibility has an edge to it. You can supply the information, the opportunity and the encouragement. You cannot supply the wanting. Nobody can.","This is the release valve for everything above. When you have done the persuading well and the person still will not move, your part is finished. Carrying on is not persuasion any more. It is nagging, and it costs you the relationship while changing nothing at all."
161,11,Persuading Without Pushing,Two,"Men must be taught as if you taught them not, and things unknown proposed as things forgot.",Alexander Pope,"Nobody enjoys being corrected. Most people are perfectly happy to be reminded, because a reminder implies they already knew, which lets them change position and keep their dignity in the same movement.","Swap ""actually, that's wrong"" for ""didn't we find last time that..."". Same correction. The second version lets them arrive at it alongside you instead of receiving it from you. The information lands identically. The resistance does not."
162,11,Persuading Without Pushing,Two,"When the hill will not come to Mahomet, Mahomet will go to the hill.",Francis Bacon,"Bacon wrote it about people who bluff when reality declines to cooperate, but the plain reading is the useful one. If the obstacle will not move, you move. Adaptation is not defeat.","You have tried the same approach with the same person for eight months. Stop asking why they will not change. Ask what you could change instead: the time of day, the setting, the person doing the asking, whether it happens over a desk or on a walk. Often the argument was fine all along and only the conditions were wrong."
163,11,Persuading Without Pushing,Two,Nothing is so contagious as enthusiasm.,Samuel Taylor Coleridge,"Feeling travels between people faster than reasoning does, and it arrives first. Your mood in a conversation is itself an argument, and generally a stronger one than the case you prepared.","Check your own state before a conversation you care about. Arrive tired and irritable and that is what the other person catches, whatever your words are doing. A quarter of an hour spent arriving in a better state beats an hour spent sharpening your points."
164,11,Persuading Without Pushing,Two,It is better to be defeated on principle than to win on lies.,Arthur Calwell,"There is always a shortcut on the table: the statistic stretched a little, the emotional pressure, the argument you know is weak but that will land anyway. Winning that way spends something you cannot buy back.","Notice the moment you reach for something you do not quite believe because it will work. That is the moment. Declining it may lose you this particular exchange. It is also the reason people believe you the next twenty times, which is worth more than any single argument."
165,11,Persuading Without Pushing,Two,Judge a man by his questions rather than his answers.,attributed to Voltaire,"What someone asks shows what they are trying to find out, and whether they are trying to find anything out at all. A question built to trap is not a question. It is a statement wearing a question mark.","Turn it on yourself mid-argument. Are these real questions, or are you laying traps? If you already know the answer you want, you are not asking. You are prosecuting. People can always tell, and the conversation ends there whether or not they say so."
166,12,Being Wrong in Public,Two,"A man should never be ashamed to own he has been in the wrong, which is but saying that he is wiser today than he was yesterday.",Alexander Pope,"A neat reframing of what a correction announces. You are not confessing a defect. You are reporting an improvement. The only alternative on offer is being just as wrong tomorrow as you were yesterday, in front of the same people.","Say it in those words: ""I've changed my mind on this since last week."" It sounds different from an admission of error, describes exactly the same event, and after a few outings you will notice how little resistance there is to changing your position out loud."
167,12,Being Wrong in Public,Two,"The first principle is that you must not fool yourself, and you are the easiest person to fool.",Richard Feynman,"External correction is the easy half. The hard half is catching your own errors before anybody else does, at the point where there is no pressure to look and every incentive to leave it alone.","Before defending a position you are attached to, ask what evidence would change your mind. If you cannot name any, you do not have a position. You have a loyalty. That question, asked honestly and in private, catches more mistakes than any amount of external scrutiny."
168,12,Being Wrong in Public,Two,A man who has committed a mistake and doesn't correct it is committing another mistake.,Confucius,"The original error is finished and mostly forgivable. What comes next is a fresh choice, made deliberately, with full information, and it is the one people actually judge you for.","Spot an old mistake still standing, the wrong figure in a document that has been circulating for a month, the thing you told somebody that turned out not to be true, and correct it now, even though the moment has passed. A late correction is awkward. Being found out is worse."
169,12,Being Wrong in Public,Two,"The fool doth think he is wise, but the wise man knows himself to be a fool.",William Shakespeare,"Confidence and competence are loosely related at best, and run in opposite directions more often than anyone admits. The people most certain about a subject are the ones who have not yet discovered how much of it there is.","Treat your own certainty as a piece of data rather than a conclusion. Feeling entirely sure about something outside your expertise is the moment to check, not the moment to speak. Real knowledge tends to arrive with qualifications already attached."
170,12,Being Wrong in Public,Two,The greatest deception men suffer is from their own opinions.,Leonardo da Vinci,"Once you hold a view it stops being a view and becomes the lens. Evidence in its favour registers as significant, evidence against it registers as noise, or exceptions, or the other side being unreasonable again.","Once a year, read the strongest case against something you believe. Not the weak version by somebody easy to dismiss. The best one you can find, argued by someone who means it. You will usually keep your position, and you will hold it differently, with the objections inside it rather than outside."
171,12,Being Wrong in Public,Two,Experience is simply the name we give our mistakes.,Oscar Wilde,"The valuable thing people call experience is largely a record of errors already made and not repeated. There is no route to it that skips the errors, which means anybody with no visible mistakes has attempted very little.","When interviewing, dating, or working out whether to trust somebody's judgement, ask what they have got wrong and what they learned. The ones who can answer specifically have been paying attention. A flawless account is a warning rather than a recommendation."
172,12,Being Wrong in Public,Two,It is the mark of an educated mind to be able to entertain a thought without accepting it.,after Aristotle,"You can pick an idea up, examine it, follow where it leads, and put it down again without ever committing to it. A great many people cannot do this. Considering an idea feels, to them, like endorsing it, so they refuse at the door.","In a disagreement, try ""suppose you're right, what would follow?"" and then work it through properly. You are not conceding. You are testing. It is the fastest way to find either the flaw in their case or the flaw in yours, and both are the same useful outcome."
173,12,Being Wrong in Public,Two,He who knows only his own side of the case knows little of that.,John Stuart Mill,"You do not understand your own position until you can see what it is competing with. Somebody who has only ever heard the argument they agree with knows that it is right without knowing why, which is a weaker holding than it feels.","Before arguing for something, state the opposing case well enough that a person holding it would nod along. If you cannot, you are not ready. It takes ten minutes and prevents most of the occasions on which people defend things they never examined."
174,12,Being Wrong in Public,Two,Convictions are more dangerous enemies of truth than lies.,Friedrich Nietzsche,"A lie can be checked and dropped. A conviction is defended by your identity, your sunk costs and everybody who has heard you express it, which makes it far harder to abandon even after the evidence has turned.","Watch the beliefs you have stated publicly and repeatedly. Those are where your reasoning is least trustworthy, because giving them up now costs you consistency in front of people who remember. Check those first, and announce fewer views before you are settled on them."
175,12,Being Wrong in Public,Two,Every man is a fool for at least five minutes a day; wisdom consists in not exceeding the limit.,Elbert Hubbard,"Being wrong is scheduled, ordinary, unavoidable. The skill is not avoidance but brevity: notice early and stop, rather than defending the position into its second hour with reinforcements.","Set yourself a limit for how long you will defend anything under pressure. Still arguing after ten minutes without a new point? You are not persuading. You are committed. Say you will think about it and leave, which is what the five minutes ending on time looks like."
176,12,Being Wrong in Public,Two,"I may be wrong and you may be right, and by an effort we may get nearer the truth.",Karl Popper,"The best opening position available for a disagreement. It concedes nothing, and it removes the assumption held by both parties in most arguments, which is that one of them already has the answer and the job is transmission.","Say a version of it out loud at the start. It looks formal written down and it works, because it converts the activity from a contest into a shared problem, and people argue very differently once that has been established in the first minute."
177,12,Being Wrong in Public,Two,Man prefers to believe what he prefers to be true.,Francis Bacon,"Wanting something to be so exerts a steady, invisible pressure on your assessment of whether it is. This is not a failure of intelligence. Clever people build better justifications for the conclusion they wanted at the outset.","When you reach a conclusion, ask whether it happens to be the convenient one. If your careful analysis of the housing market has concluded that you should buy the house you already love, apply extra scrutiny. Not because you are wrong. Because you had a thumb on the scale."
178,12,Being Wrong in Public,Two,Confess your faults one to another.,James 5:16,"An error admitted aloud loses most of its power. Concealed, it grows, needs maintenance, and separates you from people. Said plainly to another person, it turns out to be roughly the size it always was.","Got something wrong that is bothering you? Tell one person before you tell anybody else. Not for absolution. Just to hear yourself say it. Things sound enormous inside your head and ordinary in somebody's kitchen, and you will handle the public version far better for having done the private one first."
179,12,Being Wrong in Public,Two,"Doubt is not a pleasant condition, but certainty is absurd.",Voltaire,"Uncertainty is uncomfortable and it is also the accurate state for most questions worth discussing. Certainty is more comfortable, and it is a claim about how you feel rather than about the evidence in front of you.","Get used to ""I think"", ""probably"", ""as far as I know"". It sounds weaker and it is more accurate, and it means that on the day you say you are sure, people hear the difference. Ration certainty and it keeps its value."
180,12,Being Wrong in Public,Two,Never make a defence or apology before you be accused.,Charles I,"Pre-emptive apologising is a problem of its own. Explaining faults nobody had noticed, opening with a disclaimer, apologising for taking up time: each one points at a weakness the room had not identified, then asks the room to reassure you about it.","Some readers need the reverse of this chapter. If you are somebody who apologises for everything, none of the above is for you. Your work is the opposite: say the thing without the preamble, let the small errors go by unmentioned, and save the apology for when you have actually done something."
181,13,Being Alone,Two,All of humanity's problems stem from man's inability to sit quietly in a room alone.,Blaise Pascal,"Pascal thought most of what we do is avoidance. The busyness, the noise, the constant small errands: not pursuit of anything, but flight from a room with nothing in it. He was writing before electricity. He would have found the modern version unsurprising.","Try it once, literally. Twenty minutes, no phone, no book, no music, no plan. Most people find it uncomfortable inside four minutes, which is the finding. You are not bad at relaxing. You have never practised being unaccompanied, and the discomfort is the sensation of a skill you do not have yet."
182,13,Being Alone,Two,The greatest thing in the world is to know how to belong to oneself.,Michel de Montaigne,"Montaigne means being a full person when unobserved. Not performing, not narrating, not composing the account you will give of the day. Just being there, with your own company, and finding it adequate.","Notice how much of what you do is aimed at an audience, including the imaginary one. The photograph of the meal nobody asked for. The walk you would not have taken if it could not be mentioned. Try one thing this week that nobody will ever hear about. The discomfort of that tells you how much of you currently belongs to other people."
183,13,Being Alone,Two,A wise man is never less alone than when he is alone.,Cicero,"The claim is that solitude has contents. There is a difference between an empty room and an empty hour, and the person who has read, thought and paid attention arrives in the empty hour with company already installed.","Build the furniture before you need it. The people who cope best with an unexpected quiet weekend are the ones with an interest they can enter alone: an instrument, a garden, a subject, a craft. Start one badly, now, while you are not lonely. It is much harder to acquire while you are."
184,13,Being Alone,Two,"Conversation enriches the understanding, but solitude is the school of genius.",Edward Gibbon,"Two different faculties, and they run on different fuel. Talking gets you information, correction and the argument you had not thought of. Making anything requires long unbroken stretches in which nobody says anything to you at all.","Look at where your good ideas arrive. The shower, the walk, the drive, the hour before anyone else is up. Not the meeting. If your week has no unbroken solitary stretch in it, you have removed the conditions for the thing you are being paid to produce, and no amount of collaboration will replace it."
185,13,Being Alone,Two,Be able to be alone. Lose not the advantage of solitude.,Sir Thomas Browne,"Note that Browne frames it as an ability, not a preference. Something you can be capable of or not, like swimming, and something that can be lost through disuse.","Practise in small doses while it costs you nothing. Eat one meal a week by yourself without a screen. Go to the cinema alone. The first time is strange and the third is unremarkable, and what you are building is not a taste for solitude but an immunity to panic in it, which will matter enormously at some point you cannot currently see coming."
186,13,Being Alone,Two,I never found the companion that was so companionable as solitude.,Henry David Thoreau,"The strongest possible version of the case, from a man who overstated it and knew he was overstating it. Worth reading as a corrective and not a description, because Thoreau walked into town for dinner more often than the legend allows.","Take the exaggeration as permission, not instruction. You are allowed to prefer your own company on a given evening. Cancelling because you would rather be alone is a legitimate reason and does not need to be dressed up as illness. Say you are not up to it tonight. Most people will be relieved."
187,13,Being Alone,Two,Whosoever is delighted in solitude is either a wild beast or a god.,Aristotle,"The other side, put with force. Aristotle thought humans were social by construction, and that anyone who needed nobody at all was either less than human or more than human, with the odds heavily favouring the first.","Use it as a check on the story you tell about yourself. I am just not a people person is sometimes true and is more often a description of a wound. If you have found reasons to decline every invitation for six months, the reasons are probably good and the pattern is worth looking at anyway."
188,13,Being Alone,Two,"Solitude is fine, but you need someone to tell you that solitude is fine.",Honoré de Balzac,"The joke is a serious one. Even the pleasure of being alone seems to require a witness, which suggests the need for other people goes deeper than company and reaches into how we know anything about our own experience.","When a stretch alone starts to sour, do not solve it with more solitude. One conversation, however slight, resets the whole thing. The shop, the neighbour, the phone call to your mother. Loneliness is unusual among bad states: a small dose of the remedy works, and a large dose is not required."
189,13,Being Alone,Two,"In solitude, where we are least alone.",Lord Byron,"Byron is claiming that the private hours are when you are most in your own company, and therefore least abandoned. It is a young man's line and it is beautiful and it is only true for people who like themselves that week.","Test it honestly. Some weeks your own company is good company and solitude is a resource. Other weeks the interior is unkind and being alone with it is the worst available option. Learn which week you are in before you decide whether to accept the invitation, and stop applying a single policy to both."
190,13,Being Alone,Two,The strongest man in the world is he who stands most alone.,Henrik Ibsen,"The line closes a play about a man ruined for being right in public. It is about the specific solitude of holding a position nobody around you shares, which is different from having no friends, and considerably harder.","Distinguish between being alone and being isolated. You can have a full social life and still be alone in what you think about the thing that matters most to you. If that is your situation, find one person who shares it, anywhere, by any means. One is enough to make a position survivable. Nought is not."
191,13,Being Alone,Two,It is not good that the man should be alone.,Genesis 2:18,"Placed at the beginning, before anything has gone wrong, which is the point. Aloneness is not framed as a consequence of some failure. It is a defect in the original design, identified and fixed on the spot.","Take the pressure off yourself. If you are lonely, nothing has gone wrong with you. You are reporting a standard specification. The response is not to become the sort of person who does not need anyone, which is not available. It is to go and get some people, slowly and awkwardly, the way everybody else does."
192,13,Being Alone,Two,One can be instructed in society; one is inspired only in solitude.,Johann Wolfgang von Goethe,"A division of labour. Other people are how you find out what is already known. The other thing, the idea that is yours, arrives when nobody is talking, and it cannot be scheduled into a workshop.","Protect one solitary hour a week the way you protect a meeting. Same slot, defended. Nothing in particular has to happen in it. The point is that you cannot receive anything if the line is permanently engaged, and for most people the line is now engaged from waking until sleep."
193,13,Being Alone,Two,Woe to him that is alone when he falleth; for he hath not another to help him up.,Ecclesiastes 4:10,"Coldly practical. Not about companionship or feeling. About the day something goes badly wrong and there is no one whose number you can dial, which is a logistical problem before it is an emotional one.","Do the audit. Who has your spare key? Who would notice if you did not appear for three days? Who could you ring at three in the morning without it being strange? If those questions have no answers, that is not a mood, it is an exposure, and it is worth fixing with the same seriousness you would apply to an uninsured house."
194,13,Being Alone,Two,"Language has created the word loneliness to express the pain of being alone, and the word solitude to express the glory of being alone.",Paul Tillich,"The distinction that this chapter rests on, stated plainly. Same room, same absence of people, two completely different experiences, and the variable is whether you chose it.","Ask which one you are in before applying any advice. If it is solitude, the material about protecting it applies. If it is loneliness, ignore all of that. Reframing does nothing for loneliness and can make it worse, because it adds failure to isolation. What works is contact, repeated, even when you do not feel like it."
195,13,Being Alone,Two,Better alone than in bad company.,Spanish proverb,"A limit on everything above. The instruction to go and find people is not an instruction to accept whoever is nearest. Some company is worse than none, and staying in it out of fear of the empty room is a bad trade made by a great many people.","The exit. If the choice is between a bad evening with people who make you smaller and a quiet one on your own, take the quiet one, and stop treating that as a defeat. You are permitted to have fewer friends than the number that sounds respectable. You are permitted to leave the group chat, skip the reunion, and end the friendship that has been a duty since 2015. Being alone is not the worst outcome available. It is not even close."
196,14,Getting Started,Three,The secret of getting ahead is getting started.,attributed to Mark Twain,"Not a slogan about ambition. An observation about where the difficulty sits, which is almost entirely at the front. The middle of a task is fine, sometimes enjoyable, and shut off from you until the first few minutes are done.","Stop planning the whole thing and name the single first physical action. Not ""do the tax return"" but ""find the folder with the receipts in it"". If your next step is not something you could do in two minutes, you have not finished breaking it down."
197,14,Getting Started,Three,Well begun is half done.,Horace,"Partly about doing the opening properly, and mostly about the ratio. The effort of going from nothing to something is out of all proportion to the effort of continuing, which is why a half-finished thing sits so much more lightly than an unstarted one.","Short of time? Do not skip it. Start it badly. Fifteen minutes of a rough first attempt turns the thing from a dread into a work in progress, and tomorrow you will be editing rather than beginning, which is a different order of difficulty altogether."
198,14,Getting Started,Three,The best is the enemy of the good.,Voltaire,"Holding out for the excellent version tends to produce nothing at all. The standard becomes the reason you cannot start, and a high standard that prevents work is worth less than a modest one that produces some.","Decide in advance what ""good enough to send"" looks like, and set it lower than you would like. Most work has a level of polish past which nobody notices anything and only you can see it. Find that level, hit it, stop, and spend the difference on the next thing."
199,14,Getting Started,Three,Do the hard jobs first. The easy jobs will take care of themselves.,Dale Carnegie,"The unpleasant task does not sit quietly waiting while you work through the easy ones. It runs in the background all day, consuming attention, and every small job you complete first gets done under its shadow.","Take the thing you least want to do and do it before you open your email. Not as discipline. For the relief. The rest of the day is lighter, and you will notice how much of your usual afternoon fatigue was the weight of that one avoided item."
200,14,Getting Started,Three,Little strokes fell great oaks.,Benjamin Franklin,"Large things yield to small repeated applications. This is obvious, and almost nobody organises their work around it. We wait for a clear day that would allow the whole job in one sitting. The clear day does not arrive.","Give the big thing twenty minutes a day instead of waiting for a free Saturday. A book, a qualification, a garden, the cupboard under the stairs. Twenty minutes daily is about two full days a month, arriving in a form you can actually put in a diary."
201,14,Getting Started,Three,"Thinking is easy, acting is difficult, and to put one's thoughts into action is the most difficult thing in the world.",Goethe,"Planning is pleasant. It carries the whole sense of progress and none of the exposure, which is why an afternoon of research feels productive while producing nothing that exists outside your own head.","Put a hard limit on preparation. One evening of reading, then you start badly. If you have been researching a subject for a fortnight without making anything, you are no longer preparing. You are hiding, in a way nobody will criticise."
202,14,Getting Started,Three,Work expands so as to fill the time available for its completion.,C. Northcote Parkinson,"Tasks have no natural size. Given a week a job takes a week; given an afternoon the same job takes an afternoon and is no worse, because the extra time went on hesitation and second-guessing rather than substance.","Give things artificially short windows. ""I'll write this in forty minutes"" produces a draft. ""I'll write this today"" produces an evening of circling the kitchen. Set a timer where you can. The constraint does the work that willpower had been failing to do."
203,14,Getting Started,Three,"Whatsoever thy hand findeth to do, do it with thy might.",Ecclesiastes 9:10,"The instruction is to engage fully with whatever is actually in front of you, rather than performing half a version while wishing you were doing something else. Half-attention makes ordinary tasks longer and far more tedious.","If you are going to do the dull job, do it properly and fast rather than dragging it out with your phone beside you. The distracted version takes three times as long and feels worse throughout. Full attention is the quickest way out of work you dislike."
204,14,Getting Started,Three,Genius is one percent inspiration and ninety-nine percent perspiration.,Thomas Edison,The idea is the cheap part. Everybody has ideas. Most people have several good ones a year. What is scarce is the willingness to do the unglamorous middle section in which the idea turns into an actual thing that exists.,"Stop waiting for a better idea. The one you have had for two years is good enough, and quality was never its problem. Pick it up and do the boring part this week. What separates you from the people who have done it is not the concept."
205,14,Getting Started,Three,Cut your coat according to your cloth.,English proverb,"Scope the job to what you have: this much time, this much money, this much energy on a normal Wednesday. Ambitious plans built on resources you do not have fail at first contact with an ordinary week.","Plan with your real available time rather than your hoped-for time. If you genuinely have four hours a week, design something that fits four hours. The plan built for the twelve hours you keep meaning to free up will collapse by the second week, and you will conclude, wrongly, that you lack discipline."
206,14,Getting Started,Three,Beware the barrenness of a busy life.,attributed to Socrates,"Activity is not progress, and busyness is the most respectable form of avoidance there is. Nobody criticises you for having too much on, which is what makes it such a good place to hide.","At the end of a very busy week, ask what moved. If the answer is nothing that matters, your workload is not the problem. The problem is that the load consists of things that are easy to do and easy to justify, and the difficult important thing is being crowded out on purpose."
207,14,Getting Started,Three,The gods help them that help themselves.,Aesop,"From the fable of the carter whose wagon is stuck and who prays for assistance without putting his shoulder to the wheel. Help, luck and opportunity arrive to people already in motion, and rarely to people waiting.","Notice how much you are waiting for: the right moment, somebody else's decision, a piece of luck. Then do the part available now, however small. Things do turn up, and they turn up to the people who have started and are plainly trying."
208,14,Getting Started,Three,"By failing to prepare, you are preparing to fail.",attributed to Benjamin Franklin,"The counterweight to everything above. Starting at once is a virtue for tasks you understand. For anything with real consequences, a modest amount of preparation saves an enormous amount of doing.","Match the preparation to the stakes and to how reversible the thing is. An email needs none. A house purchase, a business, a medical decision needs a great deal. The failure is applying the wrong one to the wrong thing, which in practice means over-preparing for the small and rushing the large."
209,14,Getting Started,Three,He who begins many things finishes but few.,Italian proverb,"Starting is the best part of any project, and the pleasure is repeatable: you can have it again and again by beginning new things and abandoning each one at the point where the work turns dull.","Count your open projects honestly, including the ones you would describe as ""on hold"". If there are more than three, starting is not your problem. Starting is your favourite part. Close two, formally, before you begin anything else."
210,14,Getting Started,Three,Never put off till tomorrow what may be done day after tomorrow just as well.,Mark Twain,"Twain is joking and he is pointing at something real. A proportion of the tasks weighing on you do not need doing at all, and delay is a crude but effective way of finding out which.","Here is the get-out. Look at what has been on the list longest. If it has been six months and nothing has gone wrong, treat its absence as evidence. Cross it off instead of doing it, and notice how much of the list you had imposed on yourself."
211,15,Keeping Going,Three,Diligence is the mother of good fortune.,Miguel de Cervantes,"What looks like luck from outside is the visible part of a long, unglamorous run of showing up. The break arrives in a moment. The readiness to use it took eight years and nobody saw any of that.","When somebody's success looks sudden, find out what they were doing for the five years before it. It is almost always the same thing, over and over, with no reward attached. That is the actual shape of the stretch you are in, and it is normal for it to feel like nothing is happening."
212,15,Keeping Going,Three,It does not matter how slowly you go as long as you do not stop.,attributed to Confucius,"Rate is negotiable. Continuity is not. Slow progress compounds into something substantial, and stopped progress compounds into nothing at all, however impressive the pace was on the day before you stopped.","On a bad week, cut the amount instead of skipping. Ten minutes rather than an hour. Two sentences rather than a page. It looks pointless, and it is the opposite of pointless, because what you are maintaining is no longer the output but the simple fact that this is a thing you do, which is the part that would have been hard to get back."
213,15,Keeping Going,Three,"Never give in, never give in, never, never, never.",Winston Churchill,"Worth knowing the rest of the sentence, since he went on to add ""except to convictions of honour and good sense"". It is not a demand that you be immovable about everything. It is about not surrendering to weariness or the simple difficulty of carrying on.","Separate quitting because it is hard from quitting because it is wrong. Fatigue, boredom and a bad patch are not reasons. They are weather. A change in the actual merits is a reason. Being honest about which of the two you are looking at is the whole of the skill."
214,15,Keeping Going,Three,Slow and steady wins the race.,Aesop,"The hare loses to boredom and confidence rather than to any shortage of ability. Sustainable pace beats brilliant bursts over any real distance, largely because bursts are followed by recovery periods that undo them.","Set your effort at the level you could sustain in an average week, not a good one. The training plan built around your best fortnight breaks in the first difficult one. Aim to be slightly under-extended, permanently. Over a year it is much faster."
215,15,Keeping Going,Three,Great works are performed not by strength but by perseverance.,Samuel Johnson,"Big things are not achieved in one heroic push. They are assembled out of many ordinary sessions, most of which felt unremarkable at the time and none of which would have looked impressive to anybody watching.","Stop waiting for the day you will have the energy to make a real dent. That day will not come, or it will come once. What produces the result is a hundred adequate sessions, and today can be one of them regardless of how you feel about it."
216,15,Keeping Going,Three,Our greatest weakness lies in giving up. The most certain way to succeed is always to try just one more time.,Thomas Edison,"Persistence presented as a mechanical advantage rather than a virtue. Attempt count is the one variable you control directly, unlike talent or luck or timing or who happens to read your email on a Tuesday, and it is the variable most people stop adjusting long before they have to.","Having decided something has failed, make one more attempt with one thing changed. The application, the pitch, the recipe, the difficult conversation. Not indefinitely. Once. The marginal cost is small, and the number of things that work on the fourth attempt is genuinely surprising."
217,15,Keeping Going,Three,Step by step one goes a long way.,French proverb,"Nobody can sustain effort towards a goal three years away, because the mind will not hold it. What people do instead is finish a series of short, completable stretches that happen to point in the same direction.","Break the long thing into units with real endings. A month. A chapter. A term. Finish one, mark it, start the next. You get the satisfaction of completion at intervals, and that satisfaction is what keeps the machine running when the goal itself is too far off to see."
218,15,Keeping Going,Three,Constant dropping wears away a stone.,Lucretius,"Repetition beats force over a long enough period. No individual drop does anything measurable, which is exactly why the effect is so hard to believe in while you are the drop.","Keep a record so the accumulation becomes visible: days practised, miles run, words written, a line in a notebook that takes four seconds and turns an invisible process into something you can look at. Not for discipline. For evidence. The progress is invisible day to day, and without a record you will conclude that nothing is happening and stop, which is how most of it ends."
219,15,Keeping Going,Three,"The race is not to the swift, nor the battle to the strong, but time and chance happeneth to them all.",Ecclesiastes 9:11,"Effort does not guarantee outcome. Luck, timing and circumstance take part in every result, and pretending otherwise sets you up to read a bad outcome as a verdict on you personally.","Judge yourself on what you controlled: whether you did the work, made the attempt, prepared properly. Outcomes are a joint product of your effort and the world's mood on the day. Keeping those two accounts separate is what lets you carry on after something you did well went badly."
220,15,Keeping Going,Three,Ever tried. Ever failed. No matter. Try again. Fail again. Fail better.,Samuel Beckett,"Not a motivational slogan, whatever the posters suggest. Beckett is describing continuation without any promise of success, which is the actual condition of most long work. Better failure is a real improvement and it may be all you get.","Ask whether this attempt failed in a more interesting way than the last one. New problems mean progress. The same problem repeating means something has to change in the method rather than in the effort, and more effort is the answer people reach for first."
221,15,Keeping Going,Three,Energy and persistence conquer all things.,Benjamin Franklin,"An overstatement with a useful core. Persistence does not conquer everything. It does outlast most obstacles, because most obstacles are maintained by somebody or something with less staying power than a determined person.","In any long process involving an institution, an appeal or a claim or a complaint or a diagnosis nobody will commit to, understand that the system is not neutral about whether you continue: it is quietly counting on you giving up, and it has been designed by people who know how many will. Politely, calmly, keep coming back. A remarkable number of these are decided by who is still there at the end."
222,15,Keeping Going,Three,He conquers who endures.,Persius,"Two words in the Latin, and the subject is outlasting rather than overpowering. In a great many contests the winner is not the strongest party but the one still standing when everybody else has gone home.","In a difficult stretch with no clear end, drop the goal of winning and adopt the goal of remaining. Still being in it in six months is a real achievement and often the decisive one. Survival is a strategy, not a consolation prize."
223,15,Keeping Going,Three,Rome was not built in a day.,proverb,"The most reassuring cliché available, and worth taking seriously rather than as something to say. Everything substantial took considerably longer than it appears to have taken from outside, including the things you measure yourself against.","Impatient with your own progress? Find out how long the comparable thing actually took somebody else. Not the polished version of the story. The dates. It is invariably years longer than you assumed, and knowing that changes what a reasonable pace feels like."
224,15,Keeping Going,Three,Many of life's failures are people who did not realise how close they were to success when they gave up.,Thomas Edison,"You cannot see your position from inside the work. The last stretch feels identical to the middle, which means the decision to stop is always taken without knowing how much was left.","Decide to stop on a good day rather than a bad one. A quitting decision made in the middle of a discouraging week is being made by the discouragement. If it still looks right on a Wednesday when things are going fine, it probably is."
225,15,Keeping Going,Three,"Rest is not idleness, and to lie sometimes on the grass under trees on a summer's day is by no means a waste of time.",John Lubbock,"Rest is part of the work rather than a lapse in it. Continuous effort without recovery produces diminishing output and then no output, and the collapse gets mistaken for a failure of character by everybody, including the person collapsing.","Take this as the permission slip. If you have been pushing through for months and everything has gone grey, the answer is not more discipline. Take a proper break, with a defined end so it does not become the stopping. Then come back. Endurance always included the pauses."
226,16,Knowing When to Stop,Three,"When you find yourself in a hole, stop digging.","modern maxim, often attributed to Denis Healey","The instinct when something is not working is to apply more of the same, harder. More hours, more money, more explaining. Effort applied to a failing approach makes the hole deeper rather than shallower, and does it faster.","Increased your effort twice and got the same result twice? Stop increasing. Put the shovel down for a week. It feels like giving up, and it is the only way to find out whether the problem is the amount of digging or the choice of location."
227,16,Knowing When to Stop,Three,"There is a tide in the affairs of men which, taken at the flood, leads on to fortune; omitted, all the voyage of their life is bound in shallows.",William Shakespeare,"Timing is a real component of outcomes and it does not wait for you to feel ready. Opportunities have windows, and the same decision taken a year late is frequently not the same decision at all.","When you catch yourself saying ""not yet"" about something time-limited, ask what exactly you are waiting for and whether it will still be there when it arrives. Sometimes the honest answer is that the window is closing and you are hoping it will wait politely."
228,16,Knowing When to Stop,Three,Don't throw good money after bad.,English proverb,"What you have already spent is gone and has no bearing on whether the next pound is a good idea. Every decision starts from where you stand now rather than from what it cost to get here, and almost nobody can feel this, which is why the proverb had to be invented.","Ask the outsider's question. If I arrived at this situation today, knowing what I know and owing it nothing, would I sign up for the next six months? If the answer is no, then the only thing holding you in place is the six months you have already spent, and those are gone in either version of the future, whichever one you choose."
229,16,Knowing When to Stop,Three,"To every thing there is a season: a time to get, and a time to lose; a time to keep, and a time to cast away.",Ecclesiastes 3:6,"Keeping and discarding are given equal standing, as ordinary phases of one cycle. Holding on is not automatically the responsible choice, and letting go is not automatically a loss.","Once a year, take stock of what you are keeping out of habit: subscriptions, commitments, roles, the volunteer position you have held for nine years. Ask of each whether it is still in its season. Most things have a natural length and we notice long after it has passed."
230,16,Knowing When to Stop,Three,He will win who knows when to fight and when not to fight.,Sun Tzu,"Choosing your engagements matters more than winning them. Somebody who fights everything, the parking notice and the misworded email and the colleague who takes credit for small things, spends themselves on trivial battles and arrives at the one that mattered with nothing left in reserve.","Before entering any conflict, the complaint, the escalation, the point of principle in a meeting, ask what winning gets you and what it costs. Some fights are worth losing money over. Most are not worth the fortnight of preoccupation, and telling those apart is worth more than being right."
231,16,Knowing When to Stop,Three,"A poem is never finished, only abandoned.",Paul Valéry,"Creative work has no natural completion point. There is always another revision available, so you do not finish. You decide, at some arbitrary moment, to stop and let the thing exist as it is.","Set the stopping point in advance instead of waiting to feel done, because the feeling of being done does not arrive on its own and waiting for it is how projects quietly turn into hobbies. Three drafts and it goes. Two weekends and the room is painted. The alternative is not a better version. It is a thing that never leaves your hands at all."
232,16,Knowing When to Stop,Three,Leave the table while you still feel like eating.,Spanish proverb,"The right moment to stop is generally just before you want to. Food, a party, a working day, a good run of form: stop at the peak and you keep the appetite. Stop at exhaustion and you acquire an aversion.",End the writing session while you still know what comes next. Leave the party while you are enjoying it. Finish the run with something in reserve. The point is not restraint. It is that tomorrow's willingness gets set by how today finished.
233,16,Knowing When to Stop,Three,It is not enough to be busy. The question is: what are we busy about?,Henry David Thoreau,"Activity supplies its own justification, which is how somebody can spend a decade being extremely busy about something that stopped mattering to them around year three.","Look at the largest recurring thing in your week and ask what it is for. Not what it produces. What it is for, in terms of a life you would choose. If you cannot answer, it does not follow that you should stop. It does follow that you should find out before another year goes into it."
234,16,Knowing When to Stop,Three,In everything the middle course is best: all things in excess bring trouble.,Plautus,"Virtues turn into faults when overextended, and the point at which one turns into the other is invisible from inside the person doing it. Thoroughness becomes paralysis. Loyalty becomes staying too long. Dedication becomes the thing that wrecks your health.","Ask whether the quality you are proudest of has passed its useful point. If your attention to detail now delays every piece of work, it has stopped being a strength, whatever the appraisal says. The fix is a limit, not a change of personality."
235,16,Knowing When to Stop,Three,"Perfection is achieved not when there is nothing more to add, but when there is nothing left to take away.",Antoine de Saint-Exupéry,Finishing is often a matter of subtraction. The last stage of most work is not adding the missing element. It is removing the four things obscuring what is already there.,"If something is nearly done and will not come together, stop adding. Cut the weakest third. The paragraph you are proudest of is frequently the one making it worse. This applies to documents, presentations, plans, and to a schedule with too much in it to work."
236,16,Knowing When to Stop,Three,Half of the troubles of this life can be traced to saying yes too quickly and not saying no soon enough.,Josh Billings,"Two separate failures with one root. The first is agreeing before you have thought. The second is continuing to honour an agreement long after it stopped making sense, out of embarrassment at changing your mind in front of somebody.","Buy time at the front: ""let me check and come back to you tomorrow"" costs nothing and prevents most of it. And when you are in something you should not have agreed to, withdraw early, because the cost of pulling out rises steeply with every week you leave it."
237,16,Knowing When to Stop,Three,"Let go, or be dragged.",Zen proverb,Some things are ending whether you consent or not. The choice on offer is not between ending and continuing. It is between releasing with some dignity and being pulled along behind it.,"When you are fighting something already settled, a decision made, a relationship over, a job given to somebody else, notice that the fight has stopped being a strategy. Your energy is worth more spent on what comes next, and it becomes available the moment you stop."
238,16,Knowing When to Stop,Three,"He that fights and runs away, may turn and fight another day.","English proverb, after Tacitus",Withdrawal preserves the capacity to act later. Treat every retreat as a defeat and you produce people who exhaust themselves on unwinnable ground and have nothing left for the situations they could have changed.,"Leaving a job, a course or a project with your resources intact is a result, not a failure. Say it that way when you explain it, to other people and to yourself, because the story you tell about it determines how quickly you are able to start the next thing."
239,16,Knowing When to Stop,Three,Better a lean peace than a fat victory.,Dutch proverb,"A modest settlement now usually beats a better outcome pursued to the end. The extra you would win rarely covers what the pursuit costs in time, money and the grinding effect of a long dispute on everything else.","In any argument that has dragged, work out what is still in contention and price your own time against it. Arguing over three hundred pounds and it has taken five weekends? Take the deal. Being right has a market rate and it is lower than people think."
240,16,Knowing When to Stop,Three,The grass is always greener on the other side of the fence.,proverb,"The urge to stop is not always information about the thing you want to stop. Sometimes it is the ordinary dissatisfaction of being in the middle of something real, and it will attach itself to whatever you do next with equal enthusiasm.","Before leaving, check whether you have felt exactly this at the same stage of the last three things. If so, the pattern is yours and it will follow you over the fence. Stop for reasons that live in the situation, not for reasons that live in you."
241,17,Rest and Doing Nothing,Three,Take rest; a field that has rested gives a bountiful crop.,Ovid,"The oldest argument for rest and still the most persuasive, because it is agricultural and not moral. Nobody thinks a fallow field is lazy. Everyone understands that the ground is doing something in the year it grows nothing.","Reframe the fallow week as part of the work and not an interruption of it. If you have been flat for a fortnight, the answer is not to push harder into flat ground. Take a real week off, not a week of light email, and treat the recovery as an input with a return, because that is what it is."
242,17,Rest and Doing Nothing,Three,"Six days shalt thou labour, and do all thy work: but the seventh day is the sabbath.",Exodus 20:9,"The oldest labour protection on record, and the striking part is that it is compulsory. Not permitted, not encouraged. Required, of everybody, including the servants and the animals, with no clause for people who feel they are behind.","Adopt the structure without the theology. One fixed period, the same each week, where the work is not available. Fixed beats flexible here, because flexible means negotiable and you will lose the negotiation every time. Sunday until six. Or all of Saturday. Non-negotiable is the whole mechanism."
243,17,Rest and Doing Nothing,Three,"The bow cannot always stand bent, nor can human frailty subsist without some lawful recreation.",Miguel de Cervantes,"A bow kept strung loses its spring. The wood takes the shape of the tension and stops returning to itself, and after that it will never again throw an arrow properly, however hard you pull.","Watch for the sign that you have taken the shape: when the work stops going in even though you are at the desk. Reading the same paragraph four times is not a discipline problem. It is a bow that has been strung since March. Nothing improves until it is unstrung, and no amount of effort substitutes."
244,17,Rest and Doing Nothing,Three,Sleep that knits up the ravelled sleave of care.,William Shakespeare,"Sleep as repair work, done overnight, on damage accumulated during the day. Shakespeare had no science for this and got the mechanism exactly right, which is a reminder that the thing was obvious long before anybody could measure it.","Treat the bad night as a cause, not a symptom. When everything feels heavier than the facts warrant, check the sleep before interrogating the life. A great deal of what presents as a crisis of meaning on Wednesday afternoon is four nights of six hours, and it resolves in a weekend instead of a year."
245,17,Rest and Doing Nothing,Three,Leisure is the mother of philosophy.,Thomas Hobbes,"Every idea worth having came from someone with an unaccounted hour. Not stolen time or guilty time. Genuine slack, in which the mind is free to go where it wants, which is where anything original comes from.","Defend the unaccounted hour specifically. Not the hour scrolling, which is occupied, and not the hour of admin, which is work. The walk with no podcast. The bath. The sitting in the car for ten minutes after arriving. These look like nothing and they are the only conditions under which your own thoughts get a turn."
246,17,Rest and Doing Nothing,Three,Nowhere can a man find a quieter or more untroubled retreat than in his own mind.,Marcus Aurelius,"He is arguing against the holiday as the only unit of rest. The countryside, the coast and the hills all require arrangements and money and a fortnight in August. The interior version needs nothing and is available at eleven on a Tuesday.","Stop saving rest up. If your only recovery is the annual holiday, you are running eleven months in deficit and then attempting to repay it in a fortnight, which does not work and is why the first four days of every holiday are spent ill or asleep. Small and frequent beats large and rare."
247,17,Rest and Doing Nothing,Three,"To do nothing at all is the most difficult thing in the world, the most difficult and the most intellectual.",Oscar Wilde,"Wilde is being provocative and is also correct. Doing nothing is difficult. Most people cannot manage ten minutes of it, and the ones who look effortless at it have practised.","Expect it to be hard and stop treating the difficulty as evidence that you are doing it wrong. The restlessness at minute six is normal. It passes at around minute twelve. Nobody tells you this, so most people quit at minute six and conclude that rest is not for them."
248,17,Rest and Doing Nothing,Three,He that can take rest is greater than he that can take cities.,Benjamin Franklin,"From the most relentlessly industrious man in America, which is what gives it weight. Franklin is not excusing idleness. He is ranking a capability, and putting the ability to stop above the ability to conquer.","Notice who you admire and why. If the people you rate are all rated for their output, you have absorbed a scale with only one axis on it. Add the other one. Ask who you know who is good at being off, and what they do on a Sunday, and copy it directly instead of inventing your own."
249,17,Rest and Doing Nothing,Three,"Better is an handful with quietness, than both the hands full with travail and vexation of spirit.",Ecclesiastes 4:6,"A comparison of two full lives, one half as productive and considerably better. The measure is not what is in the hands. It is what the getting of it cost, and whether there is any peace left over to enjoy it in.","Do the sum honestly on the extra work. The overtime, the second stream of income, the side project. What does it buy, in pounds, and what does it cost, in evenings? Sometimes it is clearly worth it. Sometimes you find you are trading a great deal of quietness for a sum that would not change a single thing about your week."
250,17,Rest and Doing Nothing,Three,"There is no music in a rest, but there is the making of music in it.",John Ruskin,"Ruskin is talking about scores and about lives. The silences in a piece of music are not absences of music. They are structural. Remove them and you do not get more music, you get noise.","Look at your week as a piece of music, not a list. Where are the rests? A week with none is not a week with more in it, it is a week with no shape, which is why you cannot remember any of it by Friday. Put one silence in on purpose and notice how much more the rest of it registers."
251,17,Rest and Doing Nothing,Three,Sleep is the golden chain that ties health and our bodies together.,Thomas Dekker,"Written in 1609, when nobody could have explained the mechanism, and it names the relationship exactly. Sleep is not one component of health among several. It is the fastening.","Fix the fastening before anything else. If you are trying to improve your diet, your exercise, your temper and your concentration all at once, and you are sleeping six hours, do the sleep first and reassess the rest in a month. Most of the list gets easier and some of it disappears."
252,17,Rest and Doing Nothing,Three,"Nature does not hurry, yet everything is accomplished.",attributed to Lao Tzu,"A description of the rate at which things grow. Nothing in the natural world is behind schedule, and nothing in it moves faster because it is worried, and the results are extensive.","Apply it to the thing you are trying to force. The recovery, the child's reading, the business in its first year, the grief. Some processes have their own clock, and hurrying them produces damage instead of speed. Ask whether your impatience is adding anything at all, or just adding suffering to a timetable it cannot change."
253,17,Rest and Doing Nothing,Three,"Come unto me, all ye that labour and are heavy laden, and I will give you rest.",Matthew 11:28,"Whatever you make of the theology, notice who it is addressed to. Not the deserving. Not the ones who have finished. The exhausted, unconditionally, with no assessment of whether they had earned it.","Drop the entrance requirement. You do not have to have completed the list to be allowed to stop. The idea that rest is a wage paid for work done is the reason you are tired, and it is worth stating plainly to yourself that nobody is checking, nobody is issuing the permission, and the permission was never required."
254,17,Rest and Doing Nothing,Three,The hardest work is to go idle.,Yiddish proverb,"Anyone who has been signed off sick or made redundant knows this one. Enforced idleness is not restful. It is heavy, shapeless and long, and it teaches you quickly that rest and empty time are different substances.","Give the rest a shape, especially a long one. A day off with nothing in it tends to evaporate and leave you flat. A day off with one small anchor in it, a swim at eleven, someone coming at four, feels like it happened. Structure is not the enemy of rest. Structure is what makes it land."
255,17,Rest and Doing Nothing,Three,Absence of occupation is not rest; a mind quite vacant is a mind distressed.,William Cowper,"Cowper knew this from the inside, having spent long periods unable to work and finding it agony and not relief. Emptying the diary does not calm a mind that is loud. It removes the last thing that was drowning it out.","Here is the exit. If sitting still makes it worse, stop making yourself sit still. For some people, in some periods, the useful thing is occupation: the shed, the long walk, the shift, the meal cooked for somebody. That is not a failure to rest properly. It is knowing which sort of mind you have this month. And if the vacancy is frightening and not merely uncomfortable, that is worth saying to a doctor instead of solving with a better routine."
256,18,Money,Three,"Annual income twenty pounds, annual expenditure nineteen nineteen and six, result happiness. Annual income twenty pounds, annual expenditure twenty pounds ought and six, result misery.",Charles Dickens,"Micawber's law, delivered by a man who never once obeyed it. The margin is the whole thing. Sixpence either side of the line changes the character of a life, and the size of the income barely features in the calculation.","Find your own sixpence. Not a budget. One number: what comes in, what goes out, monthly. Most people have never sat down with both figures at once and are carrying a vague dread instead of a fact. The fact is almost always less frightening than the dread, and unlike the dread it can be worked on."
257,18,Money,Three,The love of money is the root of all evil.,1 Timothy 6:10,"Note the exact words, because the popular version drops the important one. Not money. The love of it. The line is about a relationship, not a substance, and it makes no claim that being paid is a moral problem.","Test the relationship, not the balance. Do you check the account when nothing has changed? Does a good month improve your mood more than it should? Is there a number you keep moving? None of that is about how much you have. All of it is about how much of you the subject currently occupies."
258,18,Money,Three,"Riches are a good handmaid, but the worst mistress.",Francis Bacon,"Bacon is describing who is serving whom. Money used as an instrument is excellent: it buys time, safety and options. Money as the objective reorganises everything else around itself, including the decisions that were meant to be about your life.","Look at your last three significant decisions. Job, house, how you spent a year. If money was a factor in all three, that is sensible. If it was the deciding factor in all three, notice that a servant has been promoted, and ask what the promotion has cost you in the categories that do not appear on a statement."
259,18,Money,Three,Debt is the worst poverty.,Thomas Fuller,"Being short is a condition. Being in debt is a condition with a clock attached, and the clock is what does the damage. It converts every future month into a month that is already spoken for, which is a different kind of poverty from having little.","Rank debts by what they do to your head, not only by their interest rate. The small one you are ashamed of may be costing you more in sleep than the large one you have made peace with. Clear it early even if the spreadsheet disagrees, because the spreadsheet is not the thing keeping you awake."
260,18,Money,Three,Beware of little expenses; a small leak will sink a great ship.,Benjamin Franklin,"Nobody sinks from one decision. They sink from eleven subscriptions, a habit that costs four pounds a day, and a delivery charge paid two hundred times a year without ever being considered once.","Print a month of transactions and read them like a stranger would. Not to feel guilty. To find the leaks, which are always in the recurring column and never in the memorable purchases. Cancel three things this week. The ones you miss can be resubscribed to in a fortnight, and most will not be."
261,18,Money,Three,Money often costs too much.,Ralph Waldo Emerson,"Four words containing the whole trade. Every pound arrives at a price paid in something else: hours, health, attention, the years your children were small. The price is real and it is almost never written down anywhere.","Convert the money back into life before deciding. The promotion is not twelve thousand pounds. It is twelve thousand pounds minus tax, minus the extra commute, minus the evenings, divided by the hours it takes. Do the division. Sometimes the answer is obviously yes. Sometimes you find you were about to buy something at a terrible rate."
262,18,Money,Three,It is better to have a permanent income than to be fascinating.,Oscar Wilde,"Wilde, who had neither for long, being funny about a real thing. There is a romance about precarity that is only ever written by people with a safety net, and the actual experience of it is boring, frightening and bad for the work.","Be suspicious of the story that struggle is good for you. It is good for a biography. In the living of it, the freelance year with no float produces worse work, not braver work. Build the boring buffer first. Three months of costs in an account you find dull is what makes the interesting choices possible."
263,18,Money,Three,He who buys what he does not need steals from himself.,Swedish proverb,"The framing is the useful part. Not wasteful, which is a mild word, but theft, committed by you against a version of you who will need the money later and has no say in the matter.","Put a delay between wanting and buying, sized to the amount. Anything over a hundred pounds waits a week. Keep a list of the things you nearly bought. Reading it back after a month is the cheapest financial education available, and the number of items you can no longer remember caring about will be most of them."
264,18,Money,Three,Wealth is the slave of a wise man and the master of a fool.,Seneca,Seneca was among the richest men in Rome and knew he was open to the charge of hypocrisy. His defence was that the question is not whether you have it. It is whether you could put it down.,"Run the thought experiment. If your income halved tomorrow, what would you lose? For some people the honest answer is comfort and a great deal of anxiety. For others it is an identity, and that is the answer worth noticing, because an identity made of money has to be defended every year for the rest of your life."
265,18,Money,Three,The safest way to double your money is to fold it over once and put it in your pocket.,Kin Hubbard,"A joke about get rich schemes, made in the 1920s, and it has aged perfectly. The people selling the double are making their money from the selling and not from the thing being sold.","Apply the oldest test there is. If somebody knows a reliable way to double money quickly, ask why they are telling you instead of doing it. This covers the crypto tip, the property seminar, the friend of a friend with an opportunity, and it has never once produced a satisfactory answer."
266,18,Money,Three,Neither a borrower nor a lender be.,William Shakespeare,"Polonius is a windbag and this particular line survives because it is right. The rest of the speech explains why: lending loses you the money and the friend at once, and borrowing dulls the edge of your own management of things.","If you lend money to someone you care about, decide in advance that it is a gift. Say so. That way there is no ledger between you, no awkwardness at Christmas, and no version of the friendship in which you are quietly keeping score. If you cannot afford to give it, you cannot afford to lend it, and saying no now is kinder than resenting them for two years."
267,18,Money,Three,A man is usually more careful of his money than he is of his principles.,Edgar Watson Howe,"Howe is pointing at where the real accounting happens. We check the balance daily and the conscience annually, and we notice a small loss of the first far more readily than a large loss of the second.","Notice where money has quietly become the tiebreaker. The client you would rather not work for. The thing you did not say in the meeting. Everybody has a price and there is nothing shameful in that. What is worth knowing is what yours currently is, because unexamined it tends to be lower than you would like."
268,18,Money,Three,"The rich man is not one who is in possession of much, but one who gives much.",St John Chrysostom,"A deliberate redefinition, from a preacher who annoyed a great many wealthy people. Wealth measured by flow instead of by holdings, and by what leaves instead of by what sits still.","Give some away on a standing order, not by decision. Small and automatic beats large and occasional, because the decision is where the reluctance lives. The reported effect on the giver is out of all proportion to the sum, and it is one of the few claims in this book that is easy and cheap to test yourself."
269,18,Money,Three,"If you would know the value of money, go and try to borrow some.",Benjamin Franklin,"You learn the true position of a thing by trying to obtain it under pressure. Money is polite and abundant until you need it, at which point its actual terms become visible, and the terms are worst for the people who need it most.","Arrange credit while you do not need it, if you are going to need it at all. The overdraft, the facility, the conversation with the bank. Doing it from a position of comfort costs almost nothing. Doing it in a crisis costs a great deal, and this asymmetry is the single most reliable unfairness in the whole subject."
270,18,Money,Three,"Poverty is not a shame, but the being ashamed of it is.",English proverb,"The proverb separates the condition from the feeling attached to it, and identifies the feeling as the part that does the damage. Shortage narrows your options. Shame narrows what you are willing to say about it, which narrows them further.","The exit, and it matters more than anything above. If money is tight, none of this chapter is a moral test you are failing. The leaks are not the problem when the pipe is too small. Take the help, claim the thing you are entitled to, tell one person the truth about the number, and ignore the entire literature of thrift, which was written for people whose problem is appetite and not arithmetic."
271,19,Time and Where It Goes,Three,"It is not that we have a short time to live, but that we waste much of it.",Seneca,"The complaint that life is too short is, on Seneca's reading, a complaint about its length when the real trouble is its use. A life is a large quantity of time. What is short is the portion anybody spends on purpose.","Before saying you have not got time for something, check whether that is true or whether it is a question of priority. ""I haven't time to read"" and ""I'd rather watch television"" are different statements and only one of them can be fixed. Saying the accurate one is where it starts."
272,19,Time and Where It Goes,Three,Lost time is never found again.,Benjamin Franklin,"Unlike almost everything else you can spend, time has no recovery mechanism. Money comes back. Health often comes back. Relationships can sometimes be repaired. The Tuesday evening is gone, and there is no version of the future in which it is returned to you.","Apply it to waiting. The months spent waiting for somebody to decide, for a situation to resolve itself, for conditions to improve. Waiting feels free and costs exactly what doing costs. If you are going to wait, wait while doing something else."
273,19,Time and Where It Goes,Three,"How we spend our days is, of course, how we spend our lives.",Annie Dillard,"There is no separate category called ""my life"" sitting apart from what you did on Tuesday. The sum of the ordinary days is the whole of it, which means the thing is being decided quietly, in the background, by choices so small that none of them felt like a choice while you were making it.","Describe a typical day of yours out loud, honestly, and take that as the answer to what your life is. If the description bothers you, the thing to change is a Tuesday rather than a five-year plan. There is nothing else available to change."
274,19,Time and Where It Goes,Three,"Teach us to number our days, that we may apply our hearts unto wisdom.",Psalm 90:12,Counting is offered as the route to wisdom rather than to alarm. Vague awareness of mortality changes nothing at all. An actual number is what makes you reconsider how you are spending the days you have left.,"Do one uncomfortable sum. If your parents are seventy and you see them four times a year, work out how many visits that leaves. People find the figure shocking, and it changes behaviour where a decade of good intentions did not."
275,19,Time and Where It Goes,Three,Ordinary people think merely of spending time. Great people think of using it.,Arthur Schopenhauer,"Time can be passed or it can be directed, and the difference is not intensity. Somebody lying in a garden on purpose is using their afternoon. Somebody who has been on their phone for two hours without ever deciding to is spending it.","The test is not what you are doing but whether you chose it. Three episodes because you wanted three episodes is fine. Three because the next one started on its own is not the same act. Choose the evening out loud, even when you choose exactly what you would have done anyway."
276,19,Time and Where It Goes,Three,Time and tide wait for no man.,Geoffrey Chaucer,"The world does not pause for your readiness. Children grow, parents age, opportunities close and bodies change, and none of it is waiting on you to have got round to it.","Identify the thing whose window is closing: a parent's health, a child's age, a body that can still do the trip. Those take priority over everything that will still be there in five years, which is most things. Do the perishable ones first."
277,19,Time and Where It Goes,Three,Nothing is ours except time.,Seneca,"Everything else can be taken. Money, position, possessions, reputation. Time is the one holding that is unambiguously yours, and it is the one people give away most readily, generally to whoever asks first.","Notice the difference between how you treat a request for your money and a request for your time. Most people would refuse, without much awkwardness, to lend a hundred pounds to somebody they would hand a whole Saturday to without being asked twice. Apply a fraction of the financial caution to the diary and watch what happens."
278,19,Time and Where It Goes,Three,Better three hours too soon than a minute too late.,William Shakespeare,"The costs of being early and being late are not symmetrical. Early costs you a wait, which is recoverable and mildly dull. Late can cost you the thing entirely, and it spends somebody else's time as well as your own.","Build in more slack than seems reasonable for anything that matters: the train, the interview, the deadline. Then carry something to do with the spare twenty minutes, so the buffer stops feeling like waste and turns into reading time you would not otherwise have had."
279,19,Time and Where It Goes,Three,The two most powerful warriors are patience and time.,Leo Tolstoy,"Some problems cannot be solved and can be outlasted. Grief. A difficult colleague. A bad market. A phase a child is going through. Time does work that no amount of intervention can, provided you have not exhausted yourself intervening.","Ask whether the thing in front of you needs solving or waiting out. If it is a phase, a mood, a temporary arrangement, then doing less is the strategy. Recognising which problems are on a clock saves an extraordinary amount of misdirected effort."
280,19,Time and Where It Goes,Three,One cannot step twice into the same river.,Heraclitus,"The river has moved on and so have you. Situations you are deferring will not be waiting in their present form, and returning to something after a decade means returning to a different thing, as a different person, for different reasons.","Be careful with the plan to come back to something later. The city, the friendship, the ambition. Sometimes later works. But if what you want is this specific thing as it exists now, later is a different offer, and it is worth being clear about which one you are accepting."
281,19,Time and Where It Goes,Three,"Dost thou love life? Then do not squander time, for that is the stuff life is made of.",Benjamin Franklin,"Not a productivity slogan. Time is identified here as the material rather than the container: a life is not lived in time, it is made out of it, which means wasting one is directly wasting the other.","Find the single largest leak in your week and measure it honestly for seven days, using whatever your phone reports rather than your own estimate. Almost everybody finds one activity eating several hours a week that they would not defend out loud. Halving one leak beats any system."
282,19,Time and Where It Goes,Three,"The trouble is, you think you have time.",Buddhist saying,"Every deferral rests on an assumption about the future that never gets examined and is occasionally wrong. The plan to do it later requires a later, and none of us has been issued one.","Take one thing you have been postponing indefinitely, the visit, the letter, the apology, the appointment, and do it this week. Not all of them. One. The list of things people regret is remarkably consistent, and it consists almost entirely of things they assumed there would be time for."
283,19,Time and Where It Goes,Three,Time is the wisest counsellor of all.,Pericles,"Time supplies information that no amount of deliberation can produce in advance. Whether a decision was right, whether a person was trustworthy, whether the thing that felt like a disaster actually was one: those get answered by waiting, not by thinking harder about them.","On a genuinely balanced decision, give it a fortnight rather than more analysis. You are not delaying. You are gathering. The answer often becomes obvious in that period with no further effort from you, because something happens that you could not have predicted."
284,19,Time and Where It Goes,Three,Life is what happens to you while you're busy making other plans.,attributed to John Lennon,The plan gets your attention and the unplanned parts turn out to be the substance. What people describe as the best years of their lives is rarely the thing they were aiming at. It is whatever was going on alongside it while they were looking elsewhere.,"When you are deep in a big project, deliberately notice what is happening around the edges of it. The children. The friendships. An ordinary Thursday. The project has a completion date. The other things are happening now, once, and they are not waiting for it to finish."
285,19,Time and Where It Goes,Three,Time you enjoy wasting is not wasted time.,Marthe Troly-Curtin,Not all value is productive value. An afternoon spent doing nothing of consequence with somebody you like is not a deduction from a life well spent. It may well be the thing all the rest of it was for.,"Here is the exit. If reading this chapter has left you feeling that you ought to be doing something more useful, put it down and go and waste an evening on purpose. The account is only worth keeping if some of it goes on things that never have to justify themselves."
286,20,Getting Older,Four,Do not act as if you had ten thousand years to live.,Marcus Aurelius,"Not an instruction to panic. A correction to a specific error in how we plan, which is that we behave as though the supply of years were effectively unlimited and so place the important things in a future that keeps moving away from us.","Look at what is currently in the ""one day"" category. Move exactly one thing out of it into a month, with a date. Not all of them; the list is long and this is not a crisis. Just demonstrate to yourself that the category is optional."
287,20,Getting Older,Four,"It is not length of life, but depth of life.",Ralph Waldo Emerson,"Duration is mostly outside your control and is not the variable that determines whether a life felt full. Density is: how much of it you were present for, and how much went past while you were thinking about something else.","Notice that time runs fastest when every week resembles the last. Novelty slows it down: a new route, an unfamiliar town, a skill you are bad at. If the years are blurring, the answer is not more years. It is more variety in the ones you are having."
288,20,Getting Older,Four,Nobody grows old merely by living a number of years. We grow old by deserting our ideals.,Samuel Ullman,"Ullman separates age from ageing. What people identify as old, in somebody of any age at all, is the closure of curiosity: the point at which a person stops revising their views and begins defending them.","Keep at least one thing going that you are currently bad at. An instrument, a language, a sport with people much younger than you. Being a beginner in public is unpleasant at fifty in a way it never was at fifteen, and it is the most reliable thing you can do to stay recognisable to yourself."
289,20,Getting Older,Four,Life is long enough if you know how to use it.,Seneca,"The line lands differently depending on where you are standing, and it is meant as consolation rather than reproach. A standard life is a great deal of time. The complaint that there is not enough of it is usually a complaint about the allocation.","If you are forty-five and feel it is too late for something, do the arithmetic properly. Forty-five leaves perhaps thirty-five years of decent health. That is longer than everything that has happened to you since you left school, and you managed a considerable amount in that."
290,20,Getting Older,Four,Remember that you must die.,memento mori,"Two words, painted into pictures and carved onto clocks for centuries, and never intended to depress anybody. Held lightly, mortality works as a filter. It makes the trivial obviously trivial, at speed, without any argument.","Stuck on a decision that is tying you in knots, ask whether it will have mattered at the end. Most things will not, which is freeing rather than bleak. It also works well on grudges, on status worries, and on the thing you have been embarrassed about since March."
291,20,Getting Older,Four,The old believe everything; the middle-aged suspect everything; the young know everything.,Oscar Wilde,"A joke about how certainty travels across a life, and Wilde's ordering is unflattering to everybody. The useful part is the middle. Suspicion of everything is its own trap, and it is where a great many people get stuck for thirty years.","Watch for cynicism arriving disguised as experience. ""I've seen this before"" is sometimes wisdom and sometimes a refusal to look. If your first response to new things has become a reason they will not work, that is not judgement maturing. That is curiosity closing."
292,20,Getting Older,Four,The years teach much which the days never know.,Ralph Waldo Emerson,"Some understanding is only available at a distance. Patterns in your own behaviour, the real significance of things that happened, which people mattered and which merely took up room: none of it visible from inside the week, all of it obvious later.","When you are too close to something to judge it, accept that you are too close and stop trying to judge it. Ask what somebody would make of this in ten years. That is not a trick for gaining perspective. It produces a different answer, and generally a calmer one."
293,20,Getting Older,Four,"As long as we are alive, death is not; when death comes, we are not.",Epicurus,"The argument is that death cannot be experienced, so there is no moment at which it happens to you. Whether it dissolves the fear varies from person to person, and it is worth having in the drawer.","If it keeps you awake, notice that what most people fear is not non-existence but the run-up: pain, dependence, leaving somebody unprovided for. Those are practical problems with practical responses, and separating them from the metaphysical part makes both easier to carry."
294,20,Getting Older,Four,Grow old along with me! The best is yet to be.,Robert Browning,"Written as a defence of later life against the assumption that all the good parts are at the front. It is optimistic rather than naive: Browning's claim is that the later section has advantages of its own, and that they are not consolation prizes.","List what is better now than it was at twenty-five. Most people produce a long list: money, competence, better friendships, the end of caring what a room thinks of them. Read it whenever the culture tells you the good part is over. Your own evidence is more reliable."
295,20,Getting Older,Four,The whole life of a philosopher is a preparation for death.,Cicero,"Preparation here is not gloom. It is practical: getting your affairs in order, saying what needs saying, resolving what can still be resolved. The people who do this turn out to be less anxious rather than more.","Do the administrative version this year. A will, an expression of wishes, one conversation about what you would want. It takes an afternoon, removes a background hum you had stopped noticing, and spares the people you love a set of decisions they would otherwise have to make while grieving."
296,20,Getting Older,Four,Honour thy father and thy mother.,Exodus 20:12,"However you feel about the source, the instruction becomes concrete and urgent at a particular stage of life, and it arrives at the point where the relationship has usually become complicated and the time remaining is finite.","Ask the questions while you can. Where the family came from, what their childhood was like, what frightened them at your age. People report this among the few things they do not regret, and the window closes without warning."
297,20,Getting Older,Four,"Anyone who stops learning is old, whether at twenty or eighty. Anyone who keeps learning stays young.",attributed to Henry Ford,"The claim is about the direction you are facing rather than the date on your birth certificate. Learning keeps you oriented forwards, and that orientation is what people are describing when they say somebody seems young.","Pick one genuinely new thing a year, chosen because it interests you rather than because it is useful. Nothing has to come of it. The point is the ongoing experience of being a person who does not yet know something and is going about finding out."
298,20,Getting Older,Four,"Age is a matter of feeling, not of years.",George William Curtis,"Half true, and worth holding as half. Your own sense of yourself does more than the number to determine how you live. It also does not repeal biology, and the version of this idea that ignores the body is a trap that closes slowly.","Take the feeling seriously and take the maintenance seriously too. Sleep, strength, the appointments you keep putting off. The people still active in their eighties are not the ones who ignored their bodies. They are the ones who attended to them early, and dully, for years."
299,20,Getting Older,Four,"It is not death that a man should fear, but he should fear never beginning to live.",Marcus Aurelius,"The greater loss is named as an unlived life rather than a finished one. What people regret at the end is omission: things not attempted, not said, not risked, each one deferred for reasons that seemed adequate at the time and cannot be reconstructed afterwards.","Ask what you would regret if it stopped soon. Not the abstract answer. The specific one. Then notice that you already knew, that you have known for a while, and that what stands between you and it is a series of ordinary weeks exactly like this one."
300,20,Getting Older,Four,"Old age is a tyrant which forbids, upon pain of death, all the pleasures of youth.",François de La Rochefoucauld,"A blunt line, and a corrective to everything above it. Ageing takes real things away and there is no reading of it that makes the losses good. Pretending otherwise insults anybody in the middle of them.","The chapter lets you go here. You are not obliged to be serene about this. Resenting the knees, the tiredness and the funerals of friends is a reasonable response to genuine loss, and declining to perform gratitude about it does not mean you are ageing badly."
301,21,What Actually Matters,Four,The unexamined life is not worth living.,Socrates,"Said at his trial with his life on the line, so he meant it. The claim is that a life lived on autopilot, absorbing its values from whatever happened to be nearby, is missing the thing that would make it yours.","Once a year, ask where your current priorities came from. Some you chose. Others arrived from your parents, your industry, or whoever you happened to be standing near at twenty-five. The ones you did not choose are worth examining, and a few will not survive it."
302,21,What Actually Matters,Four,Waste no more time arguing about what a good man should be. Be one.,Marcus Aurelius,An impatient line from somebody with limited time for theory. Working out the correct position on how to live is infinitely extendable and produces nothing. The alternative is available immediately and does not require you to have finished thinking.,"Take whatever you already know you should do, and you do know, and do that this week instead of reading more about it. The gap in most lives is not knowledge. Nobody is failing to be kind because they have not yet encountered the argument for kindness."
303,21,What Actually Matters,Four,"No man is an island, entire of itself; every man is a piece of the continent.",John Donne,"Independence is a story we tell ourselves. Everything you have came through other people: the language you are reading this in, the work, the roads, the person who sat with you at six while you learned which sound the letters made. Isolation is achievable, and it is a subtraction rather than an achievement.","Count how many people you spoke to properly this week. If the number is low and has been low for months, treat that as a problem on the level of a health problem, because it is one. Connection is not a luxury item to be added once things settle down."
304,21,What Actually Matters,Four,Vanity of vanities; all is vanity.,Ecclesiastes 1:2,"The most bracing line in the Bible, and the book it comes from is oddly cheerful about it. Everything is temporary, ambition included, and rather than despairing the writer concludes that you should eat your bread, do your work, and enjoy your life.","Apply it to whatever you are anxious about achieving. In a hundred years nobody will know. That is not a reason to do nothing. It is a reason to stop treating it as a verdict on your worth, and to enjoy the doing rather than staking everything on the result."
305,21,What Actually Matters,Four,Three things in human life are important. The first is to be kind. The second is to be kind. The third is to be kind.,Henry James,"The repetition is the argument. James is not ranking kindness first among several qualities. He is saying it occupies all three positions, and that most of what people substitute for it is a way of feeling good without the inconvenience.","Test it against cost. Kindness that costs you nothing is politeness, which is fine and is not this. The real version costs time, or money, or the discomfort of getting involved in something. Once a week, do one that actually costs, and notice what it does to the week."
306,21,What Actually Matters,Four,He who has a why to live can bear almost any how.,Friedrich Nietzsche,"Meaning works as load-bearing structure. People endure extraordinary difficulty when it serves something they chose, and they are flattened by much less when it is attached to nothing they can name.","When something has become unbearable, check whether the problem is the difficulty or the pointlessness. Hard work for a reason you believe in is tiring. Hard work for no reason you can state is corrosive, and the remedy is different: you need a why, not a rest."
307,21,What Actually Matters,Four,"Wherever there is a human being, there is an opportunity for kindness.",Seneca,"The opportunities are not rare, dramatic, or in need of seeking out. They are continuous and small, which is why they get missed. We are waiting for something significant enough to count.","Use the next dull interaction. The person at the till, the call handler, the neighbour you nod at. Not a grand gesture. Thirty seconds of treating them as a person. It is the cheapest improvement available to a day, and it works on yours as well as theirs."
308,21,What Actually Matters,Four,Character is what you are in the dark.,D.L. Moody,"The behaviour that counts is the unobserved kind: what you do when there is no consequence, no audience and no record being kept anywhere. Everything else is part performance, however sincerely it is meant at the time.","Watch the moments with no witnesses. The extra change you were given. The form nobody will check. The anonymous person you could be rude to for free. Nothing hangs on any one of them, and together they are a fair description of who you are."
309,21,What Actually Matters,Four,How wonderful it is that nobody need wait a single moment before starting to improve the world.,Anne Frank,"Written by a teenager in hiding, which is the context that makes it credible rather than sentimental. There is no qualification to obtain, no position to reach and no permission required before you can start doing something useful.","Pick something small, local and real, and do it now instead of waiting until you have more capacity. An hour a month somewhere it is needed. The scale of the problem is not an argument against the contribution. It is the reason most people never make one."
310,21,What Actually Matters,Four,A society grows great when old men plant trees whose shade they know they shall never sit in.,Greek proverb,"Some of the best things you can do pay off after you have gone. That is not a flaw in the arrangement. It is the mechanism by which anything lasting gets built, and every generation alive today is sitting in shade planted by people it never met, complaining about the weather.","Do one thing this year with a payoff you will not see. Teach somebody younger. Mend something properly. Plant something slow. The absence of a return is what makes it worth doing, and it is an unexpectedly good antidote to the feeling that everything is a transaction."
311,21,What Actually Matters,Four,It is easier to build strong children than to repair broken men.,Frederick Douglass,"Intervening early is cheaper, kinder and more effective than repairing damage later. True of children and true of nearly everything else: the small correction now, the conversation before it becomes a rupture, the repair before it becomes a replacement.",Look for where you are waiting for something to become serious enough to address. The friendship going cold. The habit growing. The child who has gone quiet. The early version takes an hour. The late version takes years and does not always work.
312,21,What Actually Matters,Four,To be trusted is a greater compliment than to be loved.,George MacDonald,"Love can be given for reasons that have nothing to do with your conduct. Trust has to be earned, in specific instances, over time, and it is the closest thing to an objective assessment of your character that you will ever be handed.","Notice what people bring you. If they bring problems, secrets and hard questions, that is a verdict and a good one. If they do not, ask what you did with the things they brought before. Trust is granted on evidence and withdrawn the same way."
313,21,What Actually Matters,Four,What we have done for ourselves alone dies with us; what we have done for others and the world remains.,Albert Pike,"A rough test for durability. What you accumulate stops mattering fairly promptly. What you did for other people continues inside them, gets passed on, and outlasts any record of where it came from.","Think about who influenced you most, then ask whether they ever knew. Almost certainly not, and the thing they did was ordinary to them, unmemorable, quite possibly a single sentence said in passing on a day they have entirely forgotten. You are doing this for somebody right now. Worth being deliberate about, given that you will never find out."
314,21,What Actually Matters,Four,Let us cultivate our garden.,Voltaire,"The last line of Candide, arrived at after every grand theory of how the world works has been tested and found wanting. The conclusion is not despair. It is that useful work on the small patch in front of you is what is actually available, and that it is enough.","Overwhelmed by things you cannot affect, the news, the state of everything, turn to what is within arm's reach. Your family, your street, your work, the person in front of you. This is not a retreat from the big questions. It is the only place anybody has ever managed to answer them."
315,21,What Actually Matters,Four,The unlived life is not worth examining.,Adam Phillips,"Phillips is inverting Socrates, and the joke has a point inside it. Examination is meant to serve living, and it is entirely possible to spend years thinking carefully about how to live as a substitute for getting on with it.","This is the exit, from the chapter and from the book. You have read a great deal of advice. The correct response to most of it is not further reflection. Close this, ring somebody you have been meaning to ring, and let the rest come back to you when you need it."
